MonitorID,CameraID,DeploymentPeriodID,VideoID,Date,Time,CommonName,ScientificName,NumberOfIndividuals,IdentifiedBy,NeedsReview,Notes
MON01,NWJ20,DP20260607TO20260614,DSCF0027,2026-06-09,11:47,Pale-winged Trumpeter,Psophia leucoptera,1,Nico Jaworski,FALSE,
MON01,NWJ20,DP20260607TO20260614,DSCF0028,2026-06-09,12:05,Pale-winged Trumpeter,Psophia leucoptera,1,Nico Jaworski,FALSE,
MON01,NWJ20,DP20260607TO20260614,DSCF0030,2026-06-09,20:11,Nine Banded Armadillo,Dasypus novemcinctus,1,Nico Jaworski,FALSE,
MON01,NWJ20,DP20260607TO20260614,DSCF0031,2026-06-10,6:29,Pale-winged Trumpeter,Psophia leucoptera,2,Nico Jaworski,FALSE,
MON01,NWJ20,DP20260607TO20260614,DSCF0032,2026-06-10,6:29,Pale-winged Trumpeter,Psophia leucoptera,2,Nico Jaworski,FALSE,
MON01,NWJ20,DP20260607TO20260614,DSCF0033,2026-06-10,6:30,Pale-winged Trumpeter,Psophia leucoptera,2,Nico Jaworski,FALSE,
MON01,NWJ20,DP20260607TO20260614,DSCF0034,2026-06-10,6:30,Pale-winged Trumpeter,Psophia leucoptera,2,Nico Jaworski,FALSE,
MON01,NWJ20,DP20260607TO20260614,DSCF0035,2026-06-10,6:30,Pale-winged Trumpeter,Psophia leucoptera,2,Nico Jaworski,FALSE,
MON01,NWJ20,DP20260607TO20260614,DSCF0036,2026-06-10,6:31,Pale-winged Trumpeter,Psophia leucoptera,2,Nico Jaworski,FALSE,
MON01,NWJ20,DP20260607TO20260614,DSCF0037,2026-06-10,6:33,Pale-winged Trumpeter,Psophia leucoptera,2,Nico Jaworski,FALSE,
MON01,NWJ20,DP20260607TO20260614,DSCF0038,2026-06-10,6:35,Pale-winged Trumpeter,Psophia leucoptera,2,Nico Jaworski,FALSE,
MON01,NWJ20,DP20260607TO20260614,DSCF0039,2026-06-10,6:37,Pale-winged Trumpeter,Psophia leucoptera,3,Nico Jaworski,FALSE,
MON01,NWJ20,DP20260607TO20260614,DSCF0040,2026-06-10,6:38,Pale-winged Trumpeter,Psophia leucoptera,3,Nico Jaworski,FALSE,
MON01,NWJ20,DP20260607TO20260614,DSCF0041,2026-06-10,6:40,Pale-winged Trumpeter,Psophia leucoptera,3,Nico Jaworski,FALSE,
MON01,NWJ20,DP20260607TO20260614,DSCF0042,2026-06-10,6:40,Pale-winged Trumpeter,Psophia leucoptera,2,Nico Jaworski,FALSE,
MON01,NWJ20,DP20260607TO20260614,DSCF0043,2026-06-10,6:40,Pale-winged Trumpeter,Psophia leucoptera,2,Nico Jaworski,FALSE,
MON01,NWJ20,DP20260607TO20260614,DSCF0044,2026-06-10,6:40,Pale-winged Trumpeter,Psophia leucoptera,2,Nico Jaworski,FALSE,
MON01,NWJ20,DP20260607TO20260614,DSCF0045,2026-06-10,6:41,Pale-winged Trumpeter,Psophia leucoptera,2,Nico Jaworski,FALSE,
MON01,NWJ20,DP20260607TO20260614,DSCF0046,2026-06-10,14:53,Pale-winged Trumpeter,Psophia leucoptera,2,Nico Jaworski,FALSE,
MON01,NWJ20,DP20260607TO20260614,DSCF0052,2026-06-11,23:10,Mouse,N/A,1,Nico Jaworski,TRUE,Little mouse in night vision
MON01,NWJ20,DP20260607TO20260614,DSCF0053,2026-06-12,3:16,Nine Banded Armadillo,Dasypus novemcinctus,1,Nico Jaworski,FALSE,
MON01,NWJ20,DP20260607TO20260614,DSCF0054,2026-06-12,17:11,Green Acouchi,Myoprocta pratti,1,Nico Jaworski,FALSE,"Might be a young black agouti, but Carlos thinks its probably a green acouchi"
MON01,NWJ20,DP20260607TO20260614,DSCF0055,2026-06-12,17:11,Green Acouchi,Myoprocta pratti,1,Nico Jaworski,FALSE,In bottom of frame for a second
MON01,NWJ20,DP20260607TO20260614,DSCF0057,2026-06-12,17:14,Green Acouchi,Myoprocta pratti,1,Nico Jaworski,FALSE,
MON01,NWJ20,DP20260607TO20260614,DSCF0058,2026-06-13,2:47,Nine Banded Armadillo,Dasypus novemcinctus,1,Nico Jaworski,FALSE,in frame for a quick second at the begining of the video
MON01,NWJ20,DP20260607TO20260614,DSCF0059,2026-06-13,5:00,Common Black-eared Opossum,Didelphis marsupialis,1,Nico Jaworski,FALSE,
MON01,NWJ20,DP20260607TO20260614,DSCF0060,2026-06-13,5:01,Common Black-eared Opossum,Didelphis marsupialis,1,Nico Jaworski,FALSE,tail in frame from capture just before
MON01,NWJ20,DP20260607TO20260614,DSCF0061,2026-06-13,5:24,Common Black-eared Opossum,Didelphis marsupialis,1,Nico Jaworski,FALSE,
MON01,NWJ20,DP20260607TO20260614,DSCF0062,2026-06-13,11:04,Pale-winged Trumpeter,Psophia leucoptera,2,Nico Jaworski,FALSE,
MON01,NWJ20,DP20260607TO20260614,DSCF0063,2026-06-13,11:04,Pale-winged Trumpeter,Psophia leucoptera,2,Nico Jaworski,FALSE,
MON01,NWJ20,DP20260607TO20260614,DSCF0064,2026-06-13,11:05,Pale-winged Trumpeter,Psophia leucoptera,1,Nico Jaworski,FALSE,
MON01,NWJ20,DP20260607TO20260614,DSCF0065,2026-06-13,12:24,Pale-winged Trumpeter,Psophia leucoptera,1,Nico Jaworski,FALSE,
MON01,NWJ20,DP20260607TO20260614,DSCF0066,2026-06-13,12:26,Pale-winged Trumpeter,Psophia leucoptera,2,Nico Jaworski,FALSE,
MON01,NWJ20,DP20260607TO20260614,DSCF0067,2026-06-13,12:27,Pale-winged Trumpeter,Psophia leucoptera,2,Nico Jaworski,FALSE,
MON01,NWJ20,DP20260607TO20260614,DSCF0068,2026-06-13,12:27,Pale-winged Trumpeter,Psophia leucoptera,1,Nico Jaworski,FALSE,
MON02,NWJ01,DP20260607TO20260614,DSCF0004,2026-06-07,9:57,Black Agouti,Dasyprocta fuliginosa,1,Connor Munro,FALSE,
MON02,NWJ01,DP20260607TO20260614,DSCF0005,2026-06-07,14:56,Grey-Fronted Dove,Leptotilla Rufaxilla,2,Connor Munro,TRUE,
MON02,NWJ01,DP20260607TO20260614,DSCF0006,2026-06-07,14:59,Grey-Fronted Dove,Leptotilla Rufaxilla ,1,Connor Munro,TRUE,Same as previous grey fronted dove sighting
MON02,NWJ01,DP20260607TO20260614,DSCF0017,2026-06-08,9:19,Green Acouchi,Myoprocta pratti,1,Connor Munro,TRUE,
MON02,NWJ01,DP20260607TO20260614,DSCF0018,2026-06-08,12:25,Green Acouchi,Myoprocta pratti,1,Connor Munro,FALSE,
MON02,NWJ01,DP20260607TO20260614,DSCF0022,2026-06-08,19:14,Lowland Tapir,Tapirus terrestris,1,Connor Munro,FALSE,
MON02,NWJ01,DP20260607TO20260614,DSCF0024,2026-06-08,21:07,Lowland Paca,Cuniculus paca,1,Connor Munro,FALSE,
MON02,NWJ01,DP20260607TO20260614,DSCF0025,2026-06-08,21:07,Lowland Paca,Cuniculus paca,1,Connor Munro,FALSE,same as above 
MON02,NWJ01,DP20260607TO20260614,DSCF0028,2026-06-08,22:03,Nine-banded Armadillo,Dasypus novemcinctus,1,Connor Munro,FALSE,
MON02,NWJ01,DP20260607TO20260614,DSCF0029,2026-06-08,22:03,Nine-banded Armadillo,Dasypus novemcinctus,1,Connor Munro,FALSE,Same as above
MON02,NWJ01,DP20260607TO20260614,DSCF0029,2026-06-08,22:03,Nine-banded Armadillo,Dasypus novemcinctus,1,Connor Munro,FALSE,Same as above
MON02,NWJ01,DP20260607TO20260614,DSCF0032,2026-06-09,6:42,Black Agouti,Dasyprocta fuliginosa,1,Connor Munro,FALSE,
MON02,NWJ01,DP20260607TO20260614,DSCF0035,2026-06-09,12:03,Grey-Fronted Dove,Leptotilla Rufaxilla ,1,Connor Munro,TRUE,
MON02,NWJ01,DP20260607TO20260614,DSCF0033,2026-06-09,15:50,Green Acouchi,Myoprocta pratti,1,Connor Munro,FALSE,
MON02,NWJ01,DP20260607TO20260614,DSCF0036,2026-06-10,12:04,Grey-Fronted Dove,Leptotilla Rufaxilla ,1,Connor Munro,TRUE,Same as DSCF0035
MON02,NWJ01,DP20260607TO20260614,DSCF0037,2026-06-10,12:04,Grey-Fronted Dove,Leptotilla Rufaxilla ,1,Connor Munro,TRUE,Same as DSCF0036
MON02,NWJ01,DP20260607TO20260614,DSCF0038,2026-06-10,17:05,Green Acouchi,Myoprocta pratti,1,Connor Munro,FALSE,
MON02,NWJ01,DP20260607TO20260614,DSCF0040,2026-06-10,19:27,American Red Brocket,Mazama american,1,Connor Munro,TRUE,
MON02,NWJ01,DP20260607TO20260614,DSCF0042,2026-06-11,2:36,Nine-banded Armadillo,Dasypus novemcinctus,1,Connor Munro,FALSE,
MON02,NWJ01,DP20260607TO20260614,DSCF0043,2026-06-11,2:36,Nine-banded Armadillo,Dasypus novemcinctus,1,Connor Munro,FALSE,Same as DSCF0042
MON02,NWJ01,DP20260607TO20260614,DSCF0044,2026-06-11,12:16,Ocelot,Leopardus pardalis,2,Connor Munro,FALSE,
MON02,NWJ01,DP20260607TO20260614,DSCF0046,2026-06-11,12:24,White Throated Tinamou,Tianmus guttatus,1,Connor Munro,TRUE,
MON02,NWJ01,DP20260607TO20260614,DSCF0047,2026-06-11,12:25,White Throated Tinamou,Tianmus guttatus,2,Connor Munro,TRUE,
MON02,NWJ01,DP20260607TO20260614,DSCF0048,2026-06-11,16:23,Green Acouchi,Myoprocta pratti,1,Connor Munro,FALSE,
MON02,NWJ01,DP20260607TO20260614,DSCF0050,2026-06-11,21:10,Lowland Tapir,Tapirus terrestris,1,Connor Munro,FALSE,
MON02,NWJ01,DP20260607TO20260614,DSCF0051,2026-06-11,21:10,Lowland Tapir,Tapirus terrestris,1,Connor Munro,FALSE,Same as DSCF0050
MON02,NWJ01,DP20260607TO20260614,DSCF0053,2026-06-12,11:01,Dove ,N/A,1,Connor Munro,TRUE,
MON02,NWJ01,DP20260607TO20260614,DSCF0055,2026-06-12,21:58,Nine-banded Armadillo,Dasypus novemcinctus,1,Connor Munro,FALSE,
MON02,NWJ01,DP20260607TO20260614,DSCF0056,2026-06-12,21:59,Nine-banded Armadillo,Dasypus novemcinctus,1,Connor Munro,FALSE,
MON02,NWJ01,DP20260607TO20260614,DSCF0057,2026-06-12,22:45,Mouse,N/A,1,Connor Munro,TRUE,
MON02,NWJ01,DP20260607TO20260614,DSCF0058,2026-06-13,7:33,Grey-Fronted Dove,Leptotilla Rufaxilla,1,Connor Munro,TRUE,
MON02,NWJ01,DP20260607TO20260614,DSCF0059,2026-06-13,14:01,Nocturnal Currassow,Nothocrax urumutum,1,Connor Munro,FALSE,
MON02,NWJ01,DP20260607TO20260614,DSCF0060,2026-06-13,14:02,Nocturnal Currassow,Nothocrax urumutum,2,Connor Munro,FALSE,
MON02,NWJ01,DP20260607TO20260614,DSCF0061,2026-06-13,14:02,Nocturnal Currassow,Nothocrax urumutum,3,Connor Munro,FALSE,
MON02,NWJ01,DP20260607TO20260614,DSCF0062,2026-06-13,19:25,Common black-eared Opossum,Didelphis marsupialis,1,Connor Munro,FALSE,
MON02,NWJ01,DP20260607TO20260614,DSCF0063,2026-06-13,19:35,Mouse,N/A,1,Connor Munro,TRUE,
MON02,NWJ01,DP20260607TO20260614,DSCF0064,2026-06-14,7:32,Variegated Tinamou,Crypturellus variegatus,1,Connor Munro,FALSE,
MON02,NWJ01,DP20260607TO20260614,DSCF0065,2026-06-14,7:32,Variegated Tinamou,Crypturellus variegatus,1,Connor Munro,FALSE,
MON02,NWJ01,DP20260607TO20260614,DSCF0066,2026-06-14,7:32,Variegated Tinamou,Crypturellus variegatus,1,Connor Munro,FALSE,
MON03,NWJ15,DP20260607TO20260614,DSCF0004,2026-06-08,6:14,Spix's Guan,Penelope jacquacu,2,Addy Shultz,FALSE,
MON03,NWJ15,DP20260607TO20260614,DSCF0006,2026-06-09,8:49,Salvin's Curassow,Mitu salvini,2,Addy Shultz,FALSE,
MON03,NWJ15,DP20260607TO20260614,DSCF0007,2026-06-09,8:49,Salvin's Curassow,Mitu salvini,1,Addy Shultz,FALSE,Same bird as row above I think
MON03,NWJ15,DP20260607TO20260614,DSCF0010,2026-06-10,11:26,Zamora Red Brocket,Mazama zamora,1,Addy Shultz,FALSE,
MON03,NWJ15,DP20260607TO20260614,DSCF0011,2026-06-11,1:42,Mouse,N/A,1,Addy Shultz,TRUE,
MON03,NWJ15,DP20260607TO20260614,DSCF0012,2026-06-11,4:57,Mouse,N/A,1,Addy Shultz,TRUE,
MON03,NWJ15,DP20260607TO20260614,DSCF0013,2026-06-11,7:36,Green Acouchi,Myoprocta pratti,1,Addy Shultz,FALSE,
MON03,NWJ15,DP20260607TO20260614,DSCF0014,2026-06-11,15:45,Green Acouchi,Myoprocta pratti,1,Addy Shultz,FALSE,
MON03,NWJ15,DP20260607TO20260614,DSCF0015,2026-06-11,22:24,Mouse,N/A,1,Addy Shultz,TRUE,
MON03,NWJ15,DP20260607TO20260614,DSCF0016,2026-06-12,2:52,Nine-banded Armadillo,Dasypus novemcinctus,1,Addy Shultz,FALSE,
MON03,NWJ15,DP20260607TO20260614,DSCF0017,2026-06-12,3:04,Nine-banded Armadillo,Dasypus novemcinctus,1,Addy Shultz,FALSE,
MON03,NWJ15,DP20260607TO20260614,DSCF0018,2026-06-12,3:05,Nine-banded Armadillo,Dasypus novemcinctus,1,Addy Shultz,FALSE,
MON03,NWJ15,DP20260607TO20260614,DSCF0019,2026-06-13,5:01,Nine-banded Armadillo,Dasypus novemcinctus,1,Addy Shultz,TRUE,Nico thinks it is an opossum
MON03,NWJ15,DP20260607TO20260614,DSCF0020,2026-06-13,20:49,Common black-eared Opossum,Didelphis marsupialis,1,Addy Shultz,FALSE,Same possum
MON03,NWJ15,DP20260607TO20260614,DSCF0021,2026-06-13,20:49,Common black-eared Opossum,Didelphis marsupialis,1,Addy Shultz,FALSE,Same possum
MON03,NWJ15,DP20260607TO20260614,DSCF0022,2026-06-13,20:49,Common black-eared Opossum,Didelphis marsupialis,1,Addy Shultz,FALSE,Same possum
MON04,NWJ11,DP20260607TO20260614,DSCF0002,2026-06-07,18:45,Ocelot,Lepardus paradalis,1,Nico Jaworski,FALSE,
MON04,NWJ11,DP20260607TO20260614,DSCF0003,2026-06-09,2:16,Mouse,N/A,1,Nico Jaworski,FALSE,
MON04,NWJ11,DP20260607TO20260614,DSCF0004,2026-06-10,16:53,1,Nothocrax urumutum,2,Nico Jaworski,FALSE,
MON04,NWJ11,DP20260607TO20260614,DSCF0005,2026-06-10,16:53,Nocturnal Currassow,Nothocrax urumutum,2,Nico Jaworski,FALSE,
MON04,NWJ11,DP20260607TO20260614,DSCF0006,2026-06-11,9:31,Green Acouchi,Myoprocta pratti,1,Nico Jaworski,FALSE,
MON04,NWJ11,DP20260607TO20260614,DSCF0008,2026-06-11,17:56,Nocturnal Currassow,Nothocrax urumutum,1,Nico Jaworski,FALSE,
MON04,NWJ11,DP20260607TO20260614,DSCF0010,2026-06-11,17:57,Nocturnal Currassow,Nothocrax urumutum,1,Nico Jaworski,FALSE,
MON04,NWJ11,DP20260607TO20260614,DSCF0011,2026-06-11,17:57,Nocturnal Currassow,Nothocrax urumutum,1,Nico Jaworski,FALSE,
MON04,NWJ11,DP20260607TO20260614,DSCF0012,2026-06-11,17:57,Nocturnal Currassow,Nothocrax urumutum,1,Nico Jaworski,FALSE,
MON04,NWJ11,DP20260607TO20260614,DSCF0013,2026-06-11,17:57,Nocturnal Currassow,Nothocrax urumutum,3,Nico Jaworski,FALSE,
MON04,NWJ11,DP20260607TO20260614,DSCF0014,2026-06-11,17:57,Nocturnal Currassow,Nothocrax urumutum,3,Nico Jaworski,FALSE,Same as DSCF0013
MON04,NWJ11,DP20260607TO20260614,DSCF0015,2026-06-11,17:58,Nocturnal Currassow,Nothocrax urumutum,2,Nico Jaworski,FALSE,Same as DSCF0013
MON04,NWJ11,DP20260607TO20260614,DSCF0016,2026-06-11,18:13,Nocturnal Currassow,Nothocrax urumutum,1,Nico Jaworski,FALSE,Same as DSCF0016
MON04,NWJ11,DP20260607TO20260614,DSCF0017,2026-06-11,18:13,Nocturnal Currassow,Nothocrax urumutum,3,Nico Jaworski,FALSE,Same as DSCF0016
MON04,NWJ11,DP20260607TO20260614,DSCF0018,2026-06-11,18:15,Nocturnal Currassow,Nothocrax urumutum,1,Nico Jaworski,FALSE,Same as DSCF0016
MON04,NWJ11,DP20260607TO20260614,DSCF0019,2026-06-12,5:33,Southern Tamandua,Tamandua tetradactyla,2,Nico Jaworski,FALSE,
MON04,NWJ11,DP20260607TO20260614,DSCF0020,2026-06-12,6:10,Green Acouchi,Myoprocta pratti,2,Nico Jaworski,FALSE,
MON04,NWJ11,DP20260607TO20260614,DSCF0021,2026-06-12,6:10,Green Acouchi,Myoprocta pratti,2,Nico Jaworski,FALSE,
MON04,NWJ11,DP20260607TO20260614,DSCF0022,2026-06-12,6:10,Green Acouchi,Myoprocta pratti,2,Nico Jaworski,FALSE,
MON04,NWJ11,DP20260607TO20260614,DSCF0023,2026-06-12,7:01,Green Acouchi,Myoprocta pratti,2,Nico Jaworski,FALSE,
MON04,NWJ11,DP20260607TO20260614,DSCF0024,2026-06-14,1:04,Mouse,N/A,1,Nico Jaworski,FALSE,
MON05,NWJ13,DP20260607TO20260614,DSCF0011,2026-06-08,6:43,Salvin's Curassow,Mitu salvini,1,Addy Shultz,FALSE,Same bird
MON05,NWJ13,DP20260607TO20260614,DSCF0012,2026-06-08,6:43,Salvin's Curassow,Mitu salvini,1,Addy Shultz,FALSE,Same bird
MON05,NWJ13,DP20260607TO20260614,DSCF0013,2026-06-08,6:43,Salvin's Curassow,Mitu salvini,1,Addy Shultz,FALSE,Same bird
MON05,NWJ13,DP20260607TO20260614,DSCF0014,2026-06-08,6:44,Salvin's Curassow,Mitu salvini,1,Addy Shultz,FALSE,Same bird
MON05,NWJ13,DP20260607TO20260614,DSCF0015,2026-06-08,6:44,Salvin's Curassow,Mitu salvini,1,Addy Shultz,FALSE,Same bird
MON05,NWJ13,DP20260607TO20260614,DSCF0017,2026-06-09,2:40,Mouse,N/A,1,Addy Shultz,FALSE,
MON05,NWJ13,DP20260607TO20260614,DSCF0019,2026-06-11,5:51,Mammal,N/A,1,Addy Shultz,FALSE,"Maybe paca, maybe tamandua, maybe something else"
MON05,NWJ13,DP20260607TO20260614,DSCF0021,2026-06-11,12:12,Southern Tamandua,Tamandua tetradactyla,1,Addy Shultz,FALSE,
MON05,NWJ13,DP20260607TO20260614,DSCF0022,2026-06-12,2:43,Nine-banded Armadillo,Dasypus novemcinctus,1,Addy Shultz,FALSE,
MON05,NWJ13,DP20260607TO20260614,DSCF0023,2026-06-12,2:44,Nine-banded Armadillo,Dasypus novemcinctus,1,Addy Shultz,FALSE,Same as DSCF0022
MON05,NWJ13,DP20260607TO20260614,DSCF0024,2026-06-12,2:44,Nine-banded Armadillo,Dasypus novemcinctus,1,Addy Shultz,FALSE,Same as DSCF0022
MON05,NWJ13,DP20260607TO20260614,DSCF0025,2026-06-12,2:44,Nine-banded Armadillo,Dasypus novemcinctus,1,Addy Shultz,FALSE,Same as DSCF0022
MON05,NWJ13,DP20260607TO20260614,DSCF0027,2026-06-12,17:03,Green Acouchi,Myoprocta pratti,1,Addy Shultz,FALSE,Same as DSCF0022
MON06,NWJ08,DP20260607TO20260614,DSCF0005,2026-06-08,13:59,Black Agouti,Dasyprocta fuliginosa,1,Nico Jaworski,FALSE,"Saw 4 legs and a black body behind some plants, so pretty sure"
MON06,NWJ08,DP20260607TO20260614,DSCF0006,2026-06-09,5:38,Mouse,N/A,1,Nico Jaworski,FALSE,
MON06,NWJ08,DP20260607TO20260614,DSCF0007,2026-06-09,5:39,Mouse,N/A,1,Nico Jaworski,FALSE,Same as DSCF0006
MON06,NWJ08,DP20260607TO20260614,DSCF0008,2026-06-09,9:49,Black Agouti,Dasyprocta fuliginosa,1,Nico Jaworski,FALSE,
MON06,NWJ08,DP20260607TO20260614,DSCF0009,2026-06-09,21:57,Mouse,N/A,1,Nico Jaworski,FALSE,
MON06,NWJ08,DP20260607TO20260614,DSCF0010,2026-06-10,19:02,Mouse,N/A,1,Nico Jaworski,FALSE,
MON06,NWJ08,DP20260607TO20260614,DSCF0011,2026-06-10,20:02,Lowland Paca,Cuniculus paca,1,Nico Jaworski,FALSE,
MON06,NWJ08,DP20260607TO20260614,DSCF0012,2026-06-13,5:42,Southern Tamandua,Tamandua tetradactyla,1,Nico Jaworski,FALSE,
MON06,NWJ08,DP20260607TO20260614,DSCF0013,2026-06-13,5:43,Southern Tamandua,Tamandua tetradactyla,1,Nico Jaworski,FALSE,
MON06,NWJ08,DP20260607TO20260614,DSCF0014,2026-06-13,5:57,Southern Tamandua,Tamandua tetradactyla,1,Nico Jaworski,FALSE,
MON06,NWJ08,DP20260607TO20260614,DSCF0015,2026-06-13,5:57,Southern Tamandua,Tamandua tetradactyla,1,Nico Jaworski,FALSE,
MON06,NWJ08,DP20260607TO20260614,DSCF0016,2026-06-13,10:40,American Red Brocket,Mazama americana,2,Nico Jaworski,FALSE,
MON06,NWJ08,DP20260607TO20260614,DSCF0017,2026-06-13,15:58,Great Tinamou,Tinamus major,3,Nico Jaworski,FALSE,
MON06,NWJ08,DP20260607TO20260614,DSCF0018,2026-06-13,15:59,Great Tinamou,Tinamus major,1,Nico Jaworski,FALSE,
MON06,NWJ08,DP20260607TO20260614,DSCF0019,2026-06-13,22:40,Southern Tamandua,Tamandua tetradactyla,1,Nico Jaworski,FALSE,
MON06,NWJ08,DP20260607TO20260614,DSCF0021,2026-06-14,3:53,None,N/A,N/A,Nico Jaworski,TRUE,I think this does not have anything in it
MON06,NWJ08,DP20260607TO20260614,DSCF0022,2026-06-14,4:22,Mouse,N/A,1,Nico Jaworski,FALSE,
MON06,NWJ08,DP20260607TO20260614,DSCF0023,2026-06-14,4:23,Southern Tamandua,Tamandua tetradactyla,1,Nico Jaworski,FALSE,
MON06,NWJ08,DP20260607TO20260614,DSCF0024,2026-06-14,4:50,Mouse,N/A,1,Nico Jaworski,FALSE,
MON06,NWJ08,DP20260607TO20260614,DSCF0025,2026-06-14,6:13,Southern Tamandua,Tamandua tetradactyla,1,Nico Jaworski,FALSE,
MON07,NWJ16,DP20260607TO20260614,DSCF0011,2026-06-07,18:50,?,N/A,N/A,Connor Munro,TRUE,Couldn't find in video
MON07,NWJ16,DP20260607TO20260614,DSCF0012,2026-06-07,18:51,?,N/A,N/A,Connor Munro,TRUE,Same as above (couldn't find)
MON07,NWJ16,DP20260607TO20260614,DSCF0013,2026-06-07,18:56,?,N/A,N/A,Connor Munro,TRUE,Same as above (couldn't find)
MON07,NWJ16,DP20260607TO20260614,DSCF0023,2026-06-07,20:58,Common black-eared Opossum,Didelphis marsupialis,1,Connor Munro,FALSE,
MON07,NWJ16,DP20260607TO20260614,DSCF0024,2026-06-07,20:58,Common black-eared Opossum,Didelphis marsupialis,1,Connor Munro,FALSE,
MON07,NWJ16,DP20260607TO20260614,DSCF0030,2026-06-07,23:56,Amercian Red Brocket,Mazama americana,1,Connor Munro,TRUE,Not 100% sure which deer
MON07,NWJ16,DP20260607TO20260614,DSCF0035,2026-06-08,4:03,Southern Tamandua,Tamandua tetradactyla,1,Connor Munro,FALSE,
MON07,NWJ16,DP20260607TO20260614,DSCF0037,2026-06-08,7:54,Black Agouti,Dasyprocta fuliginosa,1,Connor Munro,FALSE,
MON07,NWJ16,DP20260607TO20260614,DSCF0039,2026-06-08,10:09,Collared Pecary,Dicotyles tajacu,7,Connor Munro,TRUE,Most likely more individuals
MON07,NWJ16,DP20260607TO20260614,DSCF0040,2026-06-08,10:09,Collared Pecary,Dicotyles tajacu,10,Connor Munro,TRUE,Same as above
MON07,NWJ16,DP20260607TO20260614,DSCF0041,2026-06-08,10:09,Collared Pecary,Dicotyles tajacu,11,Connor Munro,TRUE,Same as above
MON07,NWJ16,DP20260607TO20260614,DSCF0042,2026-06-08,10:10,Collared Pecary,Dicotyles tajacu,8,Connor Munro,FALSE,Same as above
MON07,NWJ16,DP20260607TO20260614,DSCF0043,2026-06-08,10:10,Collared Pecary,Dicotyles tajacu,8,Connor Munro,FALSE,Same as above
MON07,NWJ16,DP20260607TO20260614,DSCF0044,2026-06-08,10:10,Collared Pecary,Dicotyles tajacu,6,Connor Munro,FALSE,Same as above
MON07,NWJ16,DP20260607TO20260614,DSCF0045,2026-06-08,10:10,Collared Pecary,Dicotyles tajacu,4,Connor Munro,FALSE,Same as above
MON07,NWJ16,DP20260607TO20260614,DSCF0046,2026-06-08,10:10,Collared Pecary,Dicotyles tajacu,3,Connor Munro,FALSE,Same as above
MON07,NWJ16,DP20260607TO20260614,DSCF0047,2026-06-08,10:11,Collared Pecary,Dicotyles tajacu,3,Connor Munro,FALSE,Same as above 
MON07,NWJ16,DP20260607TO20260614,DSCF0048,2026-06-08,10:11,Collared Pecary,Dicotyles tajacu,1,Connor Munro,FALSE,Same as above
MON07,NWJ16,DP20260607TO20260614,DSCF0050,2026-06-09,6:15,Black Agouti,Dasyprocta fuliginosa,1,Connor Munro,FALSE,
MON07,NWJ16,DP20260607TO20260614,DSCF0053,2026-06-11,8:50,Black Agouti,Dasyprocta fuliginosa,1,Connor Munro,TRUE,
MON07,NWJ16,DP20260607TO20260614,DSCF0054,2026-06-11,8:51,Black Agouti,Dasyprocta fuliginosa,1,Connor Munro,TRUE,
MON07,NWJ16,DP20260607TO20260614,DSCF0055,2026-06-11,21:41,American Red Brocket,Mazama americana,1,Connor Munro,TRUE,Not 100% sure which deer
MON07,NWJ16,DP20260607TO20260614,DSCF0057,2026-06-12,19:05,Mouse,N/A,1,Connor Munro,TRUE,
MON08,NWJ05,DP20260607TO20260614,DSCF0006,2026-06-08,11:08,Collared Pecary,Dicotyles tajacu,1,Connor Munro,FALSE,
MON08,NWJ05,DP20260607TO20260614,DSCF0007,2026-06-08,11:08,Collared Pecary,Dicotyles tajacu,1,Connor Munro,FALSE,
MON08,NWJ05,DP20260607TO20260614,DSCF0009,2026-06-08,17:49,Bird,N/A,1,Connor Munro,TRUE,
MON08,NWJ05,DP20260607TO20260614,DSCF0011,2026-06-11,7:44,Salvin's Curassow,Mitu salvini,2,Connor Munro,FALSE,
MON08,NWJ05,DP20260607TO20260614,DSCF0012,2026-06-11,7:44,Salvin's Curassow,Mitu salvini,3,Connor Munro,FALSE,
MON08,NWJ05,DP20260607TO20260614,DSCF0013,2026-06-11,7:44,Salvin's Curassow,Mitu salvini,3,Connor Munro,FALSE,
MON08,NWJ05,DP20260607TO20260614,DSCF0014,2026-06-11,7:44,Salvin's Curassow,Mitu salvini,2,Connor Munro,FALSE,
MON08,NWJ05,DP20260607TO20260614,DSCF0015,2026-06-11,7:45,Salvin's Curassow,Mitu salvini,2,Connor Munro,FALSE,
MON08,NWJ05,DP20260607TO20260614,DSCF0016,2026-06-11,7:45,Salvin's Curassow,Mitu salvini,2,Connor Munro,FALSE,
MON08,NWJ05,DP20260607TO20260614,DSCF0017,2026-06-11,7:45,Salvin's Curassow,Mitu salvini,2,Connor Munro,FALSE,
MON08,NWJ05,DP20260607TO20260614,DSCF0018,2026-06-11,7:46,None,N/A,N/A,Connor Munro,TRUE,No individual found
MON08,NWJ05,DP20260607TO20260614,DSCF0019,2026-06-11,21:58,Mouse,N/A,1,Connor Munro,TRUE,
MON08,NWJ05,DP20260607TO20260614,DSCF0021,2026-06-12,2:58,American Red Brocket,Mazama americana,1,Connor Munro,TRUE,Not 100% sure
MON08,NWJ05,DP20260607TO20260614,DSCF0022,2026-06-12,2:59,American Red Brocket,Mazama americana,1,Connor Munro,FALSE,
MON08,NWJ05,DP20260607TO20260614,DSCF0027,2026-06-12,10:28,Pale-winged Trumpeter,Psophia leucoptera,1,Connor Munro,FALSE,
MON08,NWJ05,DP20260607TO20260614,DSCF0028,2026-06-12,10:28,Pale-winged Trumpeter,Psophia leucoptera,1,Connor Munro,FALSE,
MON08,NWJ05,DP20260607TO20260614,DSCF0029,2026-06-12,12:20,Pale-winged Trumpeter,Psophia leucoptera,1,Connor Munro,FALSE,
MON08,NWJ05,DP20260607TO20260614,DSCF0030,2026-06-12,12:21,Pale-winged Trumpeter,Psophia leucoptera,2,Connor Munro,FALSE,
MON08,NWJ05,DP20260607TO20260614,DSCF0031,2026-06-12,12:21,Pale-winged Trumpeter,Psophia leucoptera,2,Connor Munro,FALSE,
MON08,NWJ05,DP20260607TO20260614,DSCF0032,2026-06-12,12:21,Pale-winged Trumpeter,Psophia leucoptera,1,Connor Munro,FALSE,
MON08,NWJ05,DP20260607TO20260614,DSCF0033,2026-06-12,12:21,Pale-winged Trumpeter,Psophia leucoptera,3,Connor Munro,FALSE,
MON08,NWJ05,DP20260607TO20260614,DSCF0034,2026-06-12,12:22,Pale-winged Trumpeter,Psophia leucoptera,3,Connor Munro,FALSE,
MON08,NWJ05,DP20260607TO20260614,DSCF0035,2026-06-12,12:22,Pale-winged Trumpeter,Psophia leucoptera,3,Connor Munro,FALSE,
MON08,NWJ05,DP20260607TO20260614,DSCF0036,2026-06-12,12:22,Pale-winged Trumpeter,Psophia leucoptera,1,Connor Munro,FALSE,
MON08,NWJ05,DP20260607TO20260614,DSCF0038,2026-06-12,12:24,Pale-winged Trumpeter,Psophia leucoptera,1,Connor Munro,FALSE,
MON08,NWJ05,DP20260607TO20260614,DSCF0039,2026-06-12,22:20,Mouse,N/A,1,Connor Munro,TRUE,
MON08,NWJ05,DP20260607TO20260614,DSCF0041,2026-06-13,8:54,Mouse,N/A,1,Connor Munro,TRUE,
MON08,NWJ05,DP20260607TO20260614,DSCF0042,2026-06-13,10:14,White Throated Tinamou,Tinamus guttatus,1,Connor Munro,FALSE,
MON08,NWJ05,DP20260607TO20260614,DSCF0043,2026-06-13,10:14,White Throated Tinamou,Tinamus guttatus,1,Connor Munro,FALSE,
MON08,NWJ05,DP20260607TO20260614,DSCF0044,2026-06-13,10:15,White Throated Tinamou,Tinamus guttatus,1,Connor Munro,FALSE,
MON08,NWJ05,DP20260607TO20260614,DSCF0045,2026-06-13,10:15,White Throated Tinamou,Tinamus guttatus,1,Connor Munro,FALSE,
MON08,NWJ05,DP20260607TO20260614,DSCF0046,2026-06-13,19:07,Mouse,N/A,1,Connor Munro,TRUE,Bottom left in video
MON08,NWJ05,DP20260607TO20260614,DSCF0047,2026-06-13,21:57,Mouse,N/A,1,Connor Munro,TRUE,
MON08,NWJ05,DP20260607TO20260614,DSCF0050,2026-06-13,23:19,Mouse,N/A,1,Connor Munro,TRUE,
MON09,NWJ06,DP20260607TO20260614,DSCF0010,2026-06-10,20:04,Ocelot,Leopardus pardalis,1,Connor Munro,FALSE,
MON09,NWJ06,DP20260607TO20260614,DSCF0011,2026-06-11,0:24:51,Muerilia Brown Brocket,Mazama nemorivaga,1,Connor Munro,FALSE,
MON09,NWJ06,DP20260607TO20260614,DSCF0012,2026-06-11,0:25:00,Muerilia Brown Brocket,Mazama nemorivaga,1,Connor Munro,FALSE,
MON09,NWJ06,DP20260607TO20260614,DSCF0013,2026-06-11,0:25:00,Muerilia Brown Brocket,Mazama nemorivaga,1,Connor Munro,FALSE,
MON09,NWJ06,DP20260607TO20260614,DSCF0016,2026-06-13,11:27,Black Agouti,Dasyprocta fuliginosa,1,Connor Munro,FALSE,
MON09,NWJ06,DP20260607TO20260614,DSCF0018,2026-06-13,11:28,Black Agouti,Dasyprocta fuliginosa,1,Connor Munro,FALSE,
MON09,NWJ06,DP20260607TO20260614,DSCF0019,2026-06-13,11:28,Black Agouti,Dasyprocta fuliginosa,1,Connor Munro,FALSE,
MON09,NWJ06,DP20260607TO20260614,DSCF0020,2026-06-13,11:29,Black Agouti,Dasyprocta fuliginosa,1,Connor Munro,FALSE,
MON09,NWJ06,DP20260607TO20260614,DSCF0022,2026-06-13,12:03,White Throated Tinamou,Tinamus guttatus,4,Connor Munro,TRUE,
MON10,NWJ12,DP20260607TO20260614,DSCF0006,2026-06-08,23:04,Puma,Puma Concolor,1,Connor Munro,FALSE,90% sure it's a male
MON10,NWJ12,DP20260607TO20260614,DSCF0013,2026-06-10,19:09,Common black-eared Opossum,Didelphis marsupialis,1,Connor Munro,FALSE,
MON10,NWJ12,DP20260607TO20260614,DSCF0014,2026-06-10,21:14,Mouse,N/A,1,Connor Munro,TRUE,
MON10,NWJ12,DP20260607TO20260614,DSCF0017,2026-06-13,2:01,Ocelot,Leopardus pardalis,1,Connor Munro,FALSE,
MON10,NWJ12,DP20260607TO20260614,DSCF0018,2026-06-13,2:01,Ocelot,Leopardus pardalis,1,Connor Munro,FALSE,
MON10,NWJ12,DP20260607TO20260614,DSCF0019,2026-06-13,11:45,Ocelot,Leopardus pardalis,1,Connor Munro,TRUE,Margay?
MON10,NWJ12,DP20260607TO20260614,DSCF0021,2026-06-14,11:27,Ocelot,Leopardus pardalis,1,Connor Munro,FALSE,
MON11,NWJ09,DP20260607TO20260614,DSCF0007,2026-06-07,21:50,Southern Tamandua,Tamandua tetradactyla,1,Connor Munro,TRUE,
MON11,NWJ09,DP20260607TO20260614,DSCF0008,2026-06-08,11:53,Lowland Paca,Cuniculus paca,1,Connor Munro,FALSE,
MON11,NWJ09,DP20260607TO20260614,DSCF0009,2026-06-08,11:56,Bush Dog,Speothos venaticus,3,Connor Munro,FALSE,
MON11,NWJ09,DP20260607TO20260614,DSCF0010,2026-06-08,11:57,Bush Dog,Speothos venaticus,1,Connor Munro,FALSE,
MON11,NWJ09,DP20260607TO20260614,DSCF0014,2026-06-08,20:13,Mouse,N/A,1,Connor Munro,TRUE,
MON11,NWJ09,DP20260607TO20260614,DSCF0016,2026-06-09,17:14,Black Agouti,Dasyprocta fuliginosa,1,Connor Munro,FALSE,
MON11,NWJ09,DP20260607TO20260614,DSCF0017,2026-06-10,4:11,Mouse,N/A,1,Connor Munro,TRUE,
MON11,NWJ09,DP20260607TO20260614,DSCF0018,2026-06-10,4:39,Mouse,N/A,1,Connor Munro,TRUE,
MON11,NWJ09,DP20260607TO20260614,DSCF0019,2026-06-10,17:00,Black Agouti,Dasyprocta fuliginosa,1,Connor Munro,FALSE,
MON11,NWJ09,DP20260607TO20260614,DSCF0020,2026-06-10,17:00,Black Agouti,Dasyprocta fuliginosa,1,Connor Munro,FALSE,
MON11,NWJ09,DP20260607TO20260614,DSCF0021,2026-06-10,17:20,Black Agouti,Dasyprocta fuliginosa,1,Connor Munro,FALSE,
MON11,NWJ09,DP20260607TO20260614,DSCF0022,2026-06-10,17:20,Black Agouti,Dasyprocta fuliginosa,1,Connor Munro,FALSE,
MON11,NWJ09,DP20260607TO20260614,DSCF0023,2026-06-10,17:21,Black Agouti,Dasyprocta fuliginosa,1,Connor Munro,FALSE,
MON11,NWJ09,DP20260607TO20260614,DSCF0024,2026-06-10,23:48,Nine-banded Armadillo,Dasypus novemcinctus,1,Connor Munro,FALSE,
MON11,NWJ09,DP20260607TO20260614,DSCF0025,2026-06-10,23:48,Nine-banded Armadillo,Dasypus novemcinctus,1,Connor Munro,FALSE,
MON11,NWJ09,DP20260607TO20260614,DSCF0026,2026-06-10,23:48,Nine-banded Armadillo,Dasypus novemcinctus,1,Connor Munro,FALSE,
MON11,NWJ09,DP20260607TO20260614,DSCF0027,2026-06-11,16:30,Black Agouti,Dasyprocta fuliginosa,1,Connor Munro,TRUE,not 100% sure
MON11,NWJ09,DP20260607TO20260614,DSCF0028,2026-06-11,19:14,Lowland Paca,Cuniculus paca,2,Connor Munro,FALSE,
MON11,NWJ09,DP20260607TO20260614,DSCF0029,2026-06-11,19:14,Lowland Paca,Cuniculus paca,2,Connor Munro,FALSE,
MON11,NWJ09,DP20260607TO20260614,DSCF0030,2026-06-11,19:14,Lowland Paca,Cuniculus paca,2,Connor Munro,FALSE,
MON11,NWJ09,DP20260607TO20260614,DSCF0031,2026-06-11,19:14,Lowland Paca,Cuniculus paca,2,Connor Munro,FALSE,
MON11,NWJ09,DP20260607TO20260614,DSCF0032,2026-06-11,19:15,Lowland Paca,Cuniculus paca,1,Connor Munro,FALSE,
MON11,NWJ09,DP20260607TO20260614,DSCF0033,2026-06-11,19:15,Lowland Paca,Cuniculus paca,1,Connor Munro,FALSE,
MON11,NWJ09,DP20260607TO20260614,DSCF0035,2026-06-11,22:53,Green Acouchi,Myopracta pratti,1,Connor Munro,TRUE,not 100% sure
MON11,NWJ09,DP20260607TO20260614,DSCF0036,2026-06-12,17:24,Salvin's Curassow,Mitu salvini,1,Connor Munro,FALSE,
MON11,NWJ09,DP20260607TO20260614,DSCF0037,2026-06-12,17:24,Salvin's Curassow,Mitu salvini,1,Connor Munro,FALSE,
MON11,NWJ09,DP20260607TO20260614,DSCF0038,2026-06-12,17:24,Salvin's Curassow,Mitu salvini,2,Connor Munro,FALSE,
MON11,NWJ09,DP20260607TO20260614,DSCF0039,2026-06-12,17:25,Salvin's Curassow,Mitu salvini,2,Connor Munro,FALSE,
MON11,NWJ09,DP20260607TO20260614,DSCF0040,2026-06-12,17:25,Salvin's Curassow,Mitu salvini,2,Connor Munro,FALSE,
MON11,NWJ09,DP20260607TO20260614,DSCF0041,2026-06-12,17:25,Salvin's Curassow,Mitu salvini,2,Connor Munro,FALSE,
MON11,NWJ09,DP20260607TO20260614,DSCF0042,2026-06-12,17:27,Salvin's Curassow,Mitu salvini,1,Connor Munro,FALSE,
MON11,NWJ09,DP20260607TO20260614,DSCF0043,2026-06-12,20:04,Mouse,N/A,1,Connor Munro,TRUE,
MON11,NWJ09,DP20260607TO20260614,DSCF0044,2026-06-12,20:10,Mouse,N/A,1,Connor Munro,TRUE,
MON11,NWJ09,DP20260607TO20260614,DSCF0045,2026-06-12,23:12,Mouse,N/A,1,Connor Munro,TRUE,
MON11,NWJ09,DP20260607TO20260614,DSCF0046,2026-06-13,15:18,White bellied spider monkey,Ateles belzebuth,1,Connor Munro,FALSE,
MON11,NWJ09,DP20260607TO20260614,DSCF0047,2026-06-14,6:37,Collared Pecary,Dicotyles tajacu,1,Connor Munro,FALSE,
MON11,NWJ09,DP20260607TO20260614,DSCF0048,2026-06-14,6:37,Collared Pecary,Dicotyles tajacu,1,Connor Munro,FALSE,
MON11,NWJ09,DP20260607TO20260614,DSCF0049,2026-06-14,6:38,Collared Pecary,Dicotyles tajacu,1,Connor Munro,FALSE,
MON11,NWJ09,DP20260607TO20260614,DSCF0050,2026-06-14,6:39,Collared Pecary,Dicotyles tajacu,2,Connor Munro,FALSE,
MON11,NWJ09,DP20260607TO20260614,DSCF0051,2026-06-14,6:40,Collared Pecary,Dicotyles tajacu,2,Connor Munro,FALSE,
MON11,NWJ09,DP20260607TO20260614,DSCF0052,2026-06-14,6:40,Collared Pecary,Dicotyles tajacu,1,Connor Munro,FALSE,
MON11,NWJ09,DP20260607TO20260614,DSCF0053,2026-06-14,6:40,Collared Pecary,Dicotyles tajacu,2,Connor Munro,FALSE,
MON11,NWJ09,DP20260607TO20260614,DSCF0054,2026-06-14,6:41,Collared Pecary,Dicotyles tajacu,2,Connor Munro,FALSE,
MON11,NWJ09,DP20260607TO20260614,DSCF0055,2026-06-14,6:42,Collared Pecary,Dicotyles tajacu,1,Connor Munro,FALSE,
MON11,NWJ09,DP20260607TO20260614,DSCF0057,2026-06-14,6:42,Collared Pecary,Dicotyles tajacu,1,Connor Munro,FALSE,
MON11,NWJ09,DP20260607TO20260614,DSCF0058,2026-06-14,6:43,Collared Pecary,Dicotyles tajacu,1,Connor Munro,FALSE,
MON11,NWJ09,DP20260607TO20260614,DSCF0059,2026-06-14,6:43,Collared Pecary,Dicotyles tajacu,1,Connor Munro,FALSE,
MON12,NWJ07,DP20260607TO20260614,DSCF0008,2026-06-07,17:24,Salvin's Currasow,Mitu salvini,1,Connor Munro,FALSE,
MON12,NWJ07,DP20260607TO20260614,DSCF0009,2026-06-07,17:24,Salvin's Currasow,Mitu salvini,1,Connor Munro,FALSE,
MON12,NWJ07,DP20260607TO20260614,DSCF0012,2026-06-08,16:37,Green Acouchi,Myopracta pratti,1,Connor Munro,FALSE,
MON12,NWJ07,DP20260607TO20260614,DSCF0013,2026-06-09,0:03,Lowland paca,Cuniculus paca,1,Connor Munro,FALSE,
MON12,NWJ07,DP20260607TO20260614,DSCF0014,2026-06-09,0:03,Lowland paca,Cuniculus paca,1,Connor Munro,FALSE,
MON12,NWJ07,DP20260607TO20260614,DSCF0015,2026-06-09,8:59,Pale-winged Trumpeter,Psophia leucoptera,2,Connor Munro,FALSE,
MON12,NWJ07,DP20260607TO20260614,DSCF0016,2026-06-09,8:59,Pale-winged Trumpeter,Psophia leucoptera,2,Connor Munro,FALSE,
MON12,NWJ07,DP20260607TO20260614,DSCF0017,2026-06-09,8:59,Pale-winged Trumpeter,Psophia leucoptera,1,Connor Munro,FALSE,
MON12,NWJ07,DP20260607TO20260614,DSCF0018,2026-06-09,9:00,Pale-winged Trumpeter,Psophia leucoptera,1,Connor Munro,FALSE,
MON12,NWJ07,DP20260607TO20260614,DSCF0020,2026-06-09,13:23,Black Agouti,Dasyprocta fuliginosa,1,Connor Munro,FALSE,
MON12,NWJ07,DP20260607TO20260614,DSCF0021,2026-06-09,13:24,Black Agouti,Dasyprocta fuliginosa,1,Connor Munro,FALSE,
MON12,NWJ07,DP20260607TO20260614,DSCF0022,2026-06-09,13:24,Black Agouti,Dasyprocta fuliginosa,1,Connor Munro,FALSE,
MON12,NWJ07,DP20260607TO20260614,DSCF0024,2026-06-10,0:07,Lowland Paca,Cuniculus paca,1,Connor Munro,FALSE,
MON12,NWJ07,DP20260607TO20260614,DSCF0025,2026-06-10,0:08,Lowland Paca,Cuniculus paca,1,Connor Munro,FALSE,
MON12,NWJ07,DP20260607TO20260614,DSCF0028,2026-06-10,13:58,Black Agouti,Dasyprocta fuliginosa,1,Connor Munro,FALSE,
MON12,NWJ07,DP20260607TO20260614,DSCF0029,2026-06-10,13:58,Black Agouti,Dasyprocta fuliginosa,1,Connor Munro,FALSE,
MON12,NWJ07,DP20260607TO20260614,DSCF0033,2026-06-11,3:08,Mouse,N/A,1,Connor Munro,TRUE,
MON12,NWJ07,DP20260607TO20260614,DSCF0034,2026-06-11,12:49,Pale-winged Trumpeter,Psophia leucoptera,2,Connor Munro,FALSE,
MON12,NWJ07,DP20260607TO20260614,DSCF0035,2026-06-11,12:49,Pale-winged Trumpeter,Psophia leucoptera,2,Connor Munro,FALSE,
MON12,NWJ07,DP20260607TO20260614,DSCF0036,2026-06-11,12:50,Pale-winged Trumpeter,Psophia leucoptera,2,Connor Munro,FALSE,
MON12,NWJ07,DP20260607TO20260614,DSCF0037,2026-06-11,15:58,Green Acouchi,Myopracta pratti,1,Connor Munro,FALSE,
MON12,NWJ07,DP20260607TO20260614,DSCF0038,2026-06-11,15:58,Green Acouchi,Myopracta pratti,1,Connor Munro,FALSE,
MON12,NWJ07,DP20260607TO20260614,DSCF0039,2026-06-11,16:41,Green Acouchi,Myopracta pratti,1,Connor Munro,FALSE,
MON12,NWJ07,DP20260607TO20260614,DSCF0040,2026-06-11,20:25,Lowland paca,Cuniculus paca,1,Connor Munro,FALSE,
MON12,NWJ07,DP20260607TO20260614,DSCF0041,2026-06-11,22:17,Mouse,N/A,1,Connor Munro,FALSE,
MON12,NWJ07,DP20260607TO20260614,DSCF0043,2026-06-13,17:20,Black Agouti,Dasyprocta fuliginosa,1,Connor Munro,FALSE,
MON12,NWJ07,DP20260607TO20260614,DSCF0044,2026-06-13,20:07,Lowland paca,Cuniculus paca,1,Connor Munro,TRUE,not 100% sure
MON12,NWJ07,DP20260607TO20260614,DSCF0045,2026-06-13,23:04,Nine-banded Armadillo,Dasypus novemcinctus,1,Connor Munro,FALSE,
MON13,NWJ19,DP20260607TO20260615,DSCF0013,2026-06-09,9:34,Spix's Guan,Penelope jacquacu,1,Addy Shultz,FALSE,
MON13,NWJ19,DP20260607TO20260615,DSCF0014,2026-06-09,9:34,Spix's Guan,Penelope jacquacu,1,Addy Shultz,FALSE,Same as DSCF0013
MON13,NWJ19,DP20260607TO20260615,DSCF0016,2026-06-09,20:02,Mammal,N/A,1,Addy Shultz,TRUE,Can only see part of the back in bottom left
MON13,NWJ19,DP20260607TO20260615,DSCF0021,2026-06-10,14:47,Pale-winged Trumpeter,Psophia leucoptera,1,Addy Shultz,FALSE,Same group as DSCF0022
MON13,NWJ19,DP20260607TO20260615,DSCF0022,2026-06-10,14:48,Pale-winged Trumpeter,Psophia leucoptera,2,Addy Shultz,FALSE,Same group as DSCF0021
MON13,NWJ19,DP20260607TO20260615,DSCF0023,2026-06-10,14:48,Pale-winged Trumpeter,Psophia leucoptera,3,Addy Shultz,FALSE,Same group as DSCF0021
MON13,NWJ19,DP20260607TO20260615,DSCF0024,2026-06-10,14:49,Pale-winged Trumpeter,Psophia leucoptera,1,Addy Shultz,FALSE,Same group as DSCF0021
MON13,NWJ19,DP20260607TO20260615,DSCF0025,2026-06-10,14:50,Pale-winged Trumpeter,Psophia leucoptera,2,Addy Shultz,FALSE,Same group as DSCF0021
MON13,NWJ19,DP20260607TO20260615,DSCF0027,2026-06-11,4:23,Mammal,N/A,1,Addy Shultz,FALSE,Can only see tail. Maybe opossum?
MON13,NWJ19,DP20260607TO20260615,DSCF0028,2026-06-11,12:32,Pale-winged Trumpeter,Psophia leucoptera,1,Addy Shultz,FALSE,
MON13,NWJ19,DP20260607TO20260615,DSCF0029,2026-06-11,12:34,Pale-winged Trumpeter,Psophia leucoptera,1,Addy Shultz,FALSE,
MON13,NWJ19,DP20260607TO20260615,DSCF0030,2026-06-11,14:51,Pale-winged Trumpeter,Psophia leucoptera,2,Addy Shultz,FALSE,
MON13,NWJ19,DP20260607TO20260615,DSCF0031,2026-06-11,14:52,Pale-winged Trumpeter,Psophia leucoptera,1,Addy Shultz,FALSE,
MON13,NWJ19,DP20260607TO20260615,DSCF0035,2026-06-12,9:16,Green Acouchi,Myoprocta pratti,1,Addy Shultz,FALSE,
MON13,NWJ19,DP20260607TO20260615,DSCF0036,2026-06-12,9:17,Green Acouchi,Myoprocta pratti,2,Addy Shultz,FALSE,
MON13,NWJ19,DP20260607TO20260615,DSCF0037,2026-06-12,9:17,Green Acouchi,Myoprocta pratti,1,Addy Shultz,FALSE,
MON13,NWJ19,DP20260607TO20260615,DSCF0039,2026-06-12,22:36,Lowland Paca,Cuniculus paca,1,Addy Shultz,FALSE,
MON13,NWJ19,DP20260607TO20260615,DSCF0040,2026-06-12,22:37,Lowland Paca,Cuniculus paca,1,Addy Shultz,FALSE,
MON13,NWJ19,DP20260607TO20260615,DSCF0042,2026-06-13,7:45,Green Acouchi,Myoprocta pratti,1,Addy Shultz,FALSE,
MON13,NWJ19,DP20260607TO20260615,DSCF0043,2026-06-13,7:45,Green Acouchi,Myoprocta pratti,1,Addy Shultz,FALSE,
MON13,NWJ19,DP20260607TO20260615,DSCF0044,2026-06-13,7:46,Green Acouchi,Myoprocta pratti,1,Addy Shultz,FALSE,
MON13,NWJ19,DP20260607TO20260615,DSCF0045,2026-06-14,8:00,Northern Amazon Red Squirrel,Hadrosciurus igniventris,1,Addy Shultz,FALSE,
MON14,NWJ10,DP20260607TO20260615,DSCF0011,2026-06-07,17:40,Black Agouti,Dasyprocta fuliginosa,1,Connor Munro,FALSE,
MON14,NWJ10,DP20260607TO20260615,DSCF0012,2026-06-07,17:41,Black Agouti,Dasyprocta fuliginosa,1,Connor Munro,FALSE,
MON14,NWJ10,DP20260607TO20260615,DSCF0015,2026-06-08,2:35,Mouse,N/A,1,Connor Munro,FALSE,
MON14,NWJ10,DP20260607TO20260615,DSCF0016,2026-06-08,3:28,Mouse,N/A,1,Connor Munro,FALSE,
MON14,NWJ10,DP20260607TO20260615,DSCF0017,2026-06-08,6:43,Green Acouchi,Myoprocta pratti,1,Connor Munro,FALSE,
MON14,NWJ10,DP20260607TO20260615,DSCF0018,2026-06-08,6:43,Green Acouchi,Myoprocta pratti,1,Connor Munro,FALSE,
MON14,NWJ10,DP20260607TO20260615,DSCF0019,2026-06-08,9:26,Green Acouchi,Myoprocta pratti,1,Connor Munro,FALSE,
MON14,NWJ10,DP20260607TO20260615,DSCF0020,2026-06-08,9:27,Green Acouchi,Myoprocta pratti,1,Connor Munro,FALSE,
MON14,NWJ10,DP20260607TO20260615,DSCF0021,2026-06-08,9:27,Green Acouchi,Myoprocta pratti,1,Connor Munro,FALSE,
MON14,NWJ10,DP20260607TO20260615,DSCF0022,2026-06-08,9:30,Green Acouchi,Myoprocta pratti,1,Connor Munro,FALSE,
MON14,NWJ10,DP20260607TO20260615,DSCF0024,2026-06-08,13:09,Salvin's Currasow,Mitu salvini,2,Connor Munro,FALSE,
MON14,NWJ10,DP20260607TO20260615,DSCF0025,2026-06-08,13:09,Salvin's Currasow,Mitu salvini,2,Connor Munro,FALSE,
MON14,NWJ10,DP20260607TO20260615,DSCF0026,2026-06-08,14:17,Green Acouchi,Myoprocta pratti,1,Connor Munro,FALSE,
MON14,NWJ10,DP20260607TO20260615,DSCF0027,2026-06-08,14:18,Green Acouchi,Myoprocta pratti,1,Connor Munro,FALSE,
MON14,NWJ10,DP20260607TO20260615,DSCF0028,2026-06-08,15:30,Green Acouchi,Myoprocta pratti,1,Connor Munro,FALSE,
MON14,NWJ10,DP20260607TO20260615,DSCF0029,2026-06-08,15:31,Green Acouchi,Myoprocta pratti,1,Connor Munro,FALSE,
MON14,NWJ10,DP20260607TO20260615,DSCF0030,2026-06-08,15:31,Green Acouchi,Myoprocta pratti,1,Connor Munro,FALSE,
MON14,NWJ10,DP20260607TO20260615,DSCF0032,2026-06-08,15:57,Green Acouchi,Myoprocta pratti,1,Connor Munro,FALSE,
MON14,NWJ10,DP20260607TO20260615,DSCF0035,2026-06-08,16:09,Green Acouchi,Myoprocta pratti,1,Connor Munro,TRUE,not 100% sure
MON14,NWJ10,DP20260607TO20260615,DSCF0036,2026-06-08,16:52,Green Acouchi,Myoprocta pratti,1,Connor Munro,FALSE,
MON14,NWJ10,DP20260607TO20260615,DSCF0038,2026-06-08,16:53,Green Acouchi,Myoprocta pratti,1,Connor Munro,FALSE,
MON14,NWJ10,DP20260607TO20260615,DSCF0039,2026-06-08,16:54,Green Acouchi,Myoprocta pratti,1,Connor Munro,FALSE,
MON14,NWJ10,DP20260607TO20260615,DSCF0040,2026-06-08,17:00,Little Tinamou,Crypturellus soui,1,Connor Munro,FALSE,
MON14,NWJ10,DP20260607TO20260615,DSCF0042,2026-06-08,19:54,Nine-banded armadillo,Dasypus novemcinctus,1,Connor Munro,FALSE,
MON14,NWJ10,DP20260607TO20260615,DSCF0044,2026-06-08,20:56,Nine-banded armadillo,Dasypus novemcinctus,1,Connor Munro,FALSE,
MON14,NWJ10,DP20260607TO20260615,DSCF0052,2026-06-09,4:36,Mouse,N/A,1,Connor Munro,FALSE,
MON14,NWJ10,DP20260607TO20260615,DSCF0053,2026-06-09,10:18,Green Acouchi,Myoprocta pratti,1,Connor Munro,FALSE,
MON14,NWJ10,DP20260607TO20260615,DSCF0055,2026-06-09,13:02,Green Acouchi,Myoprocta pratti,1,Connor Munro,FALSE,
MON14,NWJ10,DP20260607TO20260615,DSCF0056,2026-06-09,13:02,Green Acouchi,Myoprocta pratti,1,Connor Munro,FALSE,
MON14,NWJ10,DP20260607TO20260615,DSCF0057,2026-06-09,13:02,Green Acouchi,Myoprocta pratti,1,Connor Munro,FALSE,
MON14,NWJ10,DP20260607TO20260615,DSCF0058,2026-06-09,13:03,Green Acouchi,Myoprocta pratti,1,Connor Munro,FALSE,
MON14,NWJ10,DP20260607TO20260615,DSCF0059,2026-06-09,13:03,Green Acouchi,Myoprocta pratti,1,Connor Munro,FALSE,
MON14,NWJ10,DP20260607TO20260615,DSCF0061,2026-06-09,13:11,Green Acouchi,Myoprocta pratti,1,Connor Munro,FALSE,
MON14,NWJ10,DP20260607TO20260615,DSCF0063,2026-06-09,17:44,Wood quail,N/A,2,Connor Munro,FALSE,
MON14,NWJ10,DP20260607TO20260615,DSCF0064,2026-06-10,3:14,Mouse,N/A,1,Connor Munro,FALSE,
MON14,NWJ10,DP20260607TO20260615,DSCF0066,2026-06-10,9:49,Black Acouti,Dasyprocta fuliginosa,1,Connor Munro,FALSE,
MON14,NWJ10,DP20260607TO20260615,DSCF0068,2026-06-10,13:27,American Red Brocket Deer,Mazama americana,1,Connor Munro,FALSE,
MON14,NWJ10,DP20260607TO20260615,DSCF0069,2026-06-10,13:27,American Red Brocket Deer,Mazama americana,1,Connor Munro,FALSE,
MON14,NWJ10,DP20260607TO20260615,DSCF0071,2026-06-10,17:19,Little Tinamou,Crypturellus soui,1,Connor Munro,FALSE,
MON14,NWJ10,DP20260607TO20260615,DSCF0072,2026-06-10,17:35,Green Acouchi,Myoprocta pratti,1,Connor Munro,FALSE,
MON14,NWJ10,DP20260607TO20260615,DSCF0073,2026-06-10,18:02,Green Acouchi,Myoprocta pratti,1,Connor Munro,FALSE,
MON14,NWJ10,DP20260607TO20260615,DSCF0075,2026-06-10,18:06,Green Acouchi,Myoprocta pratti,1,Connor Munro,FALSE,
MON14,NWJ10,DP20260607TO20260615,DSCF0077,2026-06-10,23:40,Lowland paca,Cuniculus paca,1,Connor Munro,FALSE,
MON14,NWJ10,DP20260607TO20260615,DSCF0078,2026-06-11,6:16,Green Acouchi,Myoprocta pratti,1,Connor Munro,FALSE,
MON14,NWJ10,DP20260607TO20260615,DSCF0079,2026-06-11,6:16,Green Acouchi,Myoprocta pratti,1,Connor Munro,FALSE,
MON14,NWJ10,DP20260607TO20260615,DSCF0080,2026-06-11,6:17,Green Acouchi,Myoprocta pratti,1,Connor Munro,FALSE,
MON14,NWJ10,DP20260607TO20260615,DSCF0081,2026-06-11,6:24,Grey-winged Trumpeter,Psophia crepitans,1,Connor Munro,FALSE,
MON14,NWJ10,DP20260607TO20260615,DSCF0082,2026-06-11,6:24,Grey-winged Trumpeter,Psophia crepitans,1,Connor Munro,FALSE,
MON14,NWJ10,DP20260607TO20260615,DSCF0084,2026-06-11,9:23,Green Acouchi,Myoprocta pratti,1,Connor Munro,FALSE,
MON14,NWJ10,DP20260607TO20260615,DSCF0085,2026-06-11,9:24,Green Acouchi,Myoprocta pratti,1,Connor Munro,FALSE,
MON14,NWJ10,DP20260607TO20260615,DSCF0086,2026-06-11,12:00,Grey-winged Trumpeter,Psophia crepitans,3,Connor Munro,FALSE,
MON14,NWJ10,DP20260607TO20260615,DSCF0087,2026-06-11,12:00,Grey-winged Trumpeter,Psophia crepitans,3,Connor Munro,FALSE,
MON14,NWJ10,DP20260607TO20260615,DSCF0088,2026-06-11,12:00,Grey-winged Trumpeter,Psophia crepitans,2,Connor Munro,FALSE,
MON14,NWJ10,DP20260607TO20260615,DSCF0089,2026-06-11,12:00,Grey-winged Trumpeter,Psophia crepitans,2,Connor Munro,FALSE,
MON14,NWJ10,DP20260607TO20260615,DSCF0090,2026-06-11,12:00,Grey-winged Trumpeter,Psophia crepitans,2,Connor Munro,FALSE,
MON14,NWJ10,DP20260607TO20260615,DSCF0091,2026-06-11,12:01,Grey-winged Trumpeter,Psophia crepitans,1,Connor Munro,FALSE,
MON14,NWJ10,DP20260607TO20260615,DSCF0092,2026-06-11,15:10,Bird,N/A,1,Connor Munro,TRUE,
MON14,NWJ10,DP20260607TO20260615,DSCF0093,2026-06-11,15:10,Bird,N/A,1,Connor Munro,TRUE,
MON14,NWJ10,DP20260607TO20260615,DSCF0094,2026-06-12,7:32,Bird,N/A,1,Connor Munro,TRUE,
MON14,NWJ10,DP20260607TO20260615,DSCF0096,2026-06-12,17:22,Green Acouchi,Myoprocta pratti,1,Connor Munro,FALSE,
MON14,NWJ10,DP20260607TO20260615,DSCF0097,2026-06-12,17:23,Green Acouchi,Myoprocta pratti,1,Connor Munro,FALSE,
MON14,NWJ10,DP20260607TO20260615,DSCF0098,2026-06-12,17:23,Green Acouchi,Myoprocta pratti,1,Connor Munro,FALSE,
MON14,NWJ10,DP20260607TO20260615,DSCF0099,2026-06-12,17:23,Green Acouchi,Myoprocta pratti,1,Connor Munro,FALSE,
MON14,NWJ10,DP20260607TO20260615,DSCF0100,2026-06-12,17:35,Green Acouchi,Myoprocta pratti,1,Connor Munro,FALSE,
MON14,NWJ10,DP20260607TO20260615,DSCF0103,2026-06-12,20:29,Mouse,N/A,1,Connor Munro,TRUE,
MON14,NWJ10,DP20260607TO20260615,DSCF0105,2026-06-13,10:31,Green Acouchi,Myoprocta pratti,1,Connor Munro,FALSE,
MON14,NWJ10,DP20260607TO20260615,DSCF0106,2026-06-13,10:32,None,N/A,0,Connor Munro,TRUE,Couldn't find animal
MON14,NWJ10,DP20260607TO20260615,DSCF0108,2026-06-13,10:57,Green Acouchi,Myoprocta pratti,1,Connor Munro,FALSE,
MON14,NWJ10,DP20260607TO20260615,DSCF0110,2026-06-13,11:05,Green Acouchi,Myoprocta pratti,1,Connor Munro,FALSE,
MON14,NWJ10,DP20260607TO20260615,DSCF0111,2026-06-13,11:05,Green Acouchi,Myoprocta pratti,1,Connor Munro,FALSE,
MON14,NWJ10,DP20260607TO20260615,DSCF0112,2026-06-13,11:08,Green Acouchi,Myoprocta pratti,1,Connor Munro,FALSE,
MON14,NWJ10,DP20260607TO20260615,DSCF0113,2026-06-13,11:13,Green Acouchi,Myoprocta pratti,1,Connor Munro,FALSE,
MON14,NWJ10,DP20260607TO20260615,DSCF0114,2026-06-13,11:18,Green Acouchi,Myoprocta pratti,1,Connor Munro,FALSE,
MON14,NWJ10,DP20260607TO20260615,DSCF0117,2026-06-13,11:23,Green Acouchi,Myoprocta pratti,1,Connor Munro,FALSE,
MON14,NWJ10,DP20260607TO20260615,DSCF0119,2026-06-13,12:45,Green Acouchi,Myoprocta pratti,1,Connor Munro,FALSE,
MON14,NWJ10,DP20260607TO20260615,DSCF0121,2026-06-13,14:58,Great Tinamou,Tinamus major,1,Connor Munro,FALSE,
MON14,NWJ10,DP20260607TO20260615,DSCF0122,2026-06-13,15:19,Green Acouchi,Myoprocta pratti,1,Connor Munro,FALSE,
MON14,NWJ10,DP20260607TO20260615,DSCF0123,2026-06-14,15:54,Green Acouchi,Myoprocta pratti,1,Connor Munro,FALSE,
MON14,NWJ10,DP20260607TO20260615,DSCF0124,2026-06-14,15:54,Green Acouchi,Myoprocta pratti,1,Connor Munro,FALSE,
MON14,NWJ10,DP20260607TO20260615,DSCF0126,2026-06-14,16:27,Green Acouchi,Myoprocta pratti,1,Connor Munro,FALSE,
MON14,NWJ10,DP20260607TO20260615,DSCF0127,2026-06-14,17:39,Green Acouchi,Myoprocta pratti,1,Connor Munro,FALSE,
MON14,NWJ10,DP20260607TO20260615,DSCF0128,2026-06-14,17:40,Green Acouchi,Myoprocta pratti,1,Connor Munro,FALSE,
MON14,NWJ10,DP20260607TO20260615,DSCF0129,2026-06-14,17:51,Green Acouchi,Myoprocta pratti,1,Connor Munro,FALSE,
MON14,NWJ10,DP20260607TO20260615,DSCF0130,2026-06-14,17:56,?,N/A,1,Connor Munro,TRUE,Don't know
MON15,NWJ02,DP20260607TO20260615,DSCF002,2026-06-09,0:00,Mammal,N/A,1,Nico Jaworski,FALSE,
MON15,NWJ02,DP20260607TO20260615,DSCF003,2026-06-14,5:47,Brocket,Mazama spp.,1,Nico Jaworski,TRUE,
MON15,NWJ02,DP20260607TO20260615,DSCF004,2026-06-14,5:47,Brocket,Mazama spp.,1,Nico Jaworski,TRUE,
MON16,NWJ17,DP20260607TO20260615,DSCF0005,2026-06-08,4:12,Common Black-eared Opossum,Didelphis marsupialis,1,Addy Shultz,FALSE,
MON16,NWJ17,DP20260607TO20260615,DSCF0011,2026-06-09,3:55,Common Black-eared Opossum,Didelphis marsupialis,1,Addy Shultz,FALSE,
MON16,NWJ17,DP20260607TO20260615,DSCF0012,2026-06-09,5:41,Bush Dog,Speothos venaticus,3,Addy Shultz,FALSE,
MON16,NWJ17,DP20260607TO20260615,DSCF0013,2026-06-09,5:43,Bush Dog,Speothos venaticus,5,Addy Shultz,FALSE,
MON16,NWJ17,DP20260607TO20260615,DSCF0014,2026-06-09,5:43,Bush Dog,Speothos venaticus,6,Addy Shultz,FALSE,
MON16,NWJ17,DP20260607TO20260615,DSCF0015,2026-06-09,5:43,Bush Dog,Speothos venaticus,7,Addy Shultz,FALSE,
MON16,NWJ17,DP20260607TO20260615,DSCF0016,2026-06-09,5:44,Bush Dog,Speothos venaticus,6,Addy Shultz,FALSE,
MON16,NWJ17,DP20260607TO20260615,DSCF0017,2026-06-09,5:44,Bush Dog,Speothos venaticus,5,Addy Shultz,FALSE,
MON16,NWJ17,DP20260607TO20260615,DSCF0019,2026-06-09,18:38,Common Black-eared Opossum,Didelphis marsupialis,1,Addy Shultz,FALSE,
MON16,NWJ17,DP20260607TO20260615,DSCF0020,2026-06-10,3:55,Common Black-eared Opossum,Didelphis marsupialis,1,Addy Shultz,FALSE,
MON16,NWJ17,DP20260607TO20260615,DSCF0062,2026-06-10,18:00,Green Acouchi,Myoprocta pratti,1,Addy Shultz,FALSE,
MON16,NWJ17,DP20260607TO20260615,DSCF0063,2026-06-11,4:15,Common Black-eared Opossum,Myoprocta pratti,1,Addy Shultz,FALSE,
MON16,NWJ17,DP20260607TO20260615,DSCF0064,2026-06-12,2:11,Common Black-eared Opossum,Didelphis marsupialis,1,Addy Shultz,FALSE,
MON16,NWJ17,DP20260607TO20260615,DSCF0065,2026-06-12,2:13,Common Black-eared Opossum,Didelphis marsupialis,1,Addy Shultz,FALSE,
MON16,NWJ17,DP20260607TO20260615,DSCF0070,2026-06-12,23:37,Common Black-eared Opossum,Didelphis marsupialis,1,Addy Shultz,FALSE,
MON16,NWJ17,DP20260607TO20260615,DSCF0071,2026-06-13,16:54,Grey-winged Trumpeter,Psophia crepitans,4,Addy Shultz,FALSE,
MON16,NWJ17,DP20260607TO20260615,DSCF0072,2026-06-13,16:54,Grey-winged Trumpeter,Psophia crepitans,3,Addy Shultz,FALSE,
MON16,NWJ17,DP20260607TO20260615,DSCF0073,2026-06-13,21:25,Common Black-eared Opossum,Didelphis marsupialis,1,Addy Shultz,FALSE,
MON16,NWJ17,DP20260607TO20260615,DSCF0074,2026-06-14,3:29,Common Black-eared Opossum,Didelphis marsupialis,1,Addy Shultz,FALSE,
MON16,NWJ17,DP20260607TO20260615,DSCF0075,2026-06-14,9:26,Black Agouti,Dasyprocta fuliginosa,1,Addy Shultz,FALSE,
MON16,NWJ17,DP20260607TO20260615,DSCF0076,2026-06-14,20:43,Lowland Paca,Cuniculus paca,1,Addy Shultz,FALSE,
MON16,NWJ17,DP20260607TO20260615,DSCF0077,2026-06-14,20:44,Lowland Paca,Cuniculus paca,1,Addy Shultz,FALSE,
MON16,NWJ17,DP20260607TO20260615,DSCF0079,2026-06-15,0:30,Common Black-eared Opossum,Didelphis marsupialis,1,Addy Shultz,FALSE,
MON16,NWJ17,DP20260607TO20260615,DSCF0080,2026-06-15,0:48,Common Black-eared Opossum,Didelphis marsupialis,1,Addy Shultz,FALSE,
MON16,NWJ17,DP20260607TO20260615,DSCF0081,2026-06-15,6:18,Pale-winged Trumpeter,Psophia leucoptera,3,Addy Shultz,TRUE,Maybe grey-winged
MON17,NWJ18,DP20260607TO20260615,DSCF0011,2026-06-08,7:46,Northern Amazon Red Squirrel,Hadrosciurus igniventris,1,Nico Jaworski,FALSE,
MON17,NWJ18,DP20260607TO20260615,DSCF0012,2026-06-08,10:14,Northern Amazon Red Squirrel,Hadrosciurus igniventris,1,Nico Jaworski,FALSE,
MON17,NWJ18,DP20260607TO20260615,DSCF0013,2026-06-08,13:01,Northern Amazon Red Squirrel,Hadrosciurus igniventris,1,Nico Jaworski,FALSE,
MON17,NWJ18,DP20260607TO20260615,DSCF0016,2026-06-08,16:56,Northern Amazon Red Squirrel,Hadrosciurus igniventris,1,Nico Jaworski,FALSE,
MON17,NWJ18,DP20260607TO20260615,DSCF0017,2026-06-09,17:30,Black Agouti,Dasyprocta fuliginosa,1,Nico Jaworski,FALSE,
MON17,NWJ18,DP20260607TO20260615,DSCF0021,2026-06-10,7:15,Pale-winged Trumpeter,Psophia leucoptera,1,Nico Jaworski,FALSE,
MON17,NWJ18,DP20260607TO20260615,DSCF0023,2026-06-10,9:59,Marbled Wood-Quail,Odontophorus gujanensis,2,Nico Jaworski,FALSE,
MON17,NWJ18,DP20260607TO20260615,DSCF0024,2026-06-10,10:00,Marbled Wood-Quail,Odontophorus gujanensis,1,Nico Jaworski,FALSE,
MON17,NWJ18,DP20260607TO20260615,DSCF0025,2026-06-10,10:00,Marbled Wood-Quail,Odontophorus gujanensis,2,Nico Jaworski,FALSE,
MON17,NWJ18,DP20260607TO20260615,DSCF0026,2026-06-11,15:38,Green Acouchi,Myoprocta pratti,1,Nico Jaworski,FALSE,
MON17,NWJ18,DP20260607TO20260615,DSCF0027,2026-06-11,22:18,Green Acouchi,Myoprocta pratti,1,Nico Jaworski,TRUE,
MON17,NWJ18,DP20260607TO20260615,DSCF0029,2026-06-15,7:22,Pale-winged Trumpeter,Psophia leucoptera,4,Nico Jaworski,FALSE,
MON17,NWJ18,DP20260607TO20260615,DSCF0030,2026-06-15,7:22,Pale-winged Trumpeter,Psophia leucoptera,1,Nico Jaworski,FALSE,
MON18,NWJ14,DP20260607TO20260615,DSCF0010,2026-06-08,10:21,Salvin's Currasow,Mitu salvini,1,Nico Jaworski,FALSE,
MON18,NWJ14,DP20260607TO20260615,DSCF0011,2026-06-08,10:21,Salvin's Currasow,Mitu salvini,1,Nico Jaworski,FALSE,
MON18,NWJ14,DP20260607TO20260615,DSCF0012,2026-06-08,10:21,Salvin's Currasow,Mitu salvini,1,Nico Jaworski,FALSE,
MON18,NWJ14,DP20260607TO20260615,DSCF0013,2026-06-09,0:42,Common Black-eared Opossum,Didelphis marsupialis,1,Nico Jaworski,FALSE,
MON18,NWJ14,DP20260607TO20260615,DSCF0014,2026-06-09,19:22,Nine-banded armadillo,Dasypus novemcinctus,1,Nico Jaworski,FALSE,
MON18,NWJ14,DP20260607TO20260615,DSCF0015,2026-06-09,21:44,Mouse,N/A,1,Nico Jaworski,FALSE,
MON18,NWJ14,DP20260607TO20260615,DSCF0016,2026-06-11,18:29,Common Black-eared Opossum,Didelphis marsupialis,1,Nico Jaworski,FALSE,
MON18,NWJ14,DP20260607TO20260615,DSCF0017,2026-06-11,18:29,Common Black-eared Opossum,Didelphis marsupialis,1,Nico Jaworski,FALSE,
MON18,NWJ14,DP20260607TO20260615,DSCF0019,2026-06-15,1:05,Common Black-eared Opossum,Didelphis marsupialis,1,Nico Jaworski,FALSE,
MON18,NWJ14,DP20260607TO20260615,DSCF0020,2026-06-15,8:00,Great Tinamou,Tinamus major,1,Nico Jaworski,TRUE,Unsure on ID
MON19,NWJ04,DP20260607TO20260615,DSCF0006,2026-06-07,21:37,Lowland Tapir,Tapirus terrestris,1,Nico Jaworski,FALSE,
MON19,NWJ04,DP20260607TO20260615,DSCF0007,2026-06-07,21:37,Lowland Tapir,Tapirus terrestris,1,Nico Jaworski,FALSE,
MON19,NWJ04,DP20260607TO20260615,DSCF0008,2026-06-10,11:03,Black Acouti,Dasyprocta fuliginosa,1,Nico Jaworski,FALSE,
MON19,NWJ04,DP20260607TO20260615,DSCF0009,2026-06-13,6:56,Green Acouchi,Myoprocta pratti,1,Nico Jaworski,FALSE,
MON19,NWJ04,DP20260607TO20260615,DSCF0011,2026-06-13,6:58,Green Acouchi,Myoprocta pratti,1,Nico Jaworski,FALSE,
MON19,NWJ04,DP20260607TO20260615,DSCF0012,2026-06-13,7:15,Marbled Wood Quail,Odontophorus gujanensis,1,Nico Jaworski,FALSE,
MON19,NWJ04,DP20260607TO20260615,DSCF0013,2026-06-13,7:16,Green Acouchi,Myoprocta pratti,1,Nico Jaworski,FALSE,
MON19,NWJ04,DP20260607TO20260615,DSCF0014,2026-06-13,7:16,Green Acouchi,Myoprocta pratti,1,Nico Jaworski,FALSE,
MON19,NWJ04,DP20260607TO20260615,DSCF0013,2026-06-13,7:16,Marbled Wood-Quail,Odontophorus gujanensis,5,Nico Jaworski,FALSE,
MON19,NWJ04,DP20260607TO20260615,DSCF0014,2026-06-13,7:16,Marbled Wood-Quail,Odontophorus gujanensis,6,Nico Jaworski,FALSE,
MON19,NWJ04,DP20260607TO20260615,DSCF0015,2026-06-13,9:31,Black Acouti,Dasyprocta fuliginosa,1,Nico Jaworski,FALSE,
MON01,NWJ20,DP20260614TO20260621,DSCF0004,2026-06-14,8:39,Pale-winged Trumpeter,Psophia leucoptera,1,Connor Munro,FALSE,
MON01,NWJ20,DP20260614TO20260621,DSCF0005,2026-06-14,8:39,Pale-winged Trumpeter,Psophia leucoptera,2,Connor Munro,FALSE,
MON01,NWJ20,DP20260614TO20260621,DSCF0008,2026-06-14,17:43,Green Acouchi,Myoprocta pratti,1,Connor Munro,FALSE,
MON01,NWJ20,DP20260614TO20260621,DSCF0009,2026-06-14,17:45,Green Acouchi,Myoprocta pratti,2,Connor Munro,FALSE,
MON01,NWJ20,DP20260614TO20260621,DSCF0010,2026-06-14,17:45,Green Acouchi,Myoprocta pratti,2,Connor Munro,FALSE,
MON01,NWJ20,DP20260614TO20260621,DSCF0011,2026-06-14,17:45,Green Acouchi,Myoprocta pratti,2,Connor Munro,FALSE,
MON01,NWJ20,DP20260614TO20260621,DSCF0012,2026-06-14,17:47,Green Acouchi,Myoprocta pratti,1,Connor Munro,FALSE,
MON01,NWJ20,DP20260614TO20260621,DSCF0013,2026-06-14,17:48,Green Acouchi,Myoprocta pratti,1,Connor Munro,FALSE,
MON01,NWJ20,DP20260614TO20260621,DSCF0014,2026-06-14,17:48,Green Acouchi,Myoprocta pratti,1,Connor Munro,FALSE,
MON01,NWJ20,DP20260614TO20260621,DSCF0015,2026-06-14,17:49,Green Acouchi,Myoprocta pratti,1,Connor Munro,FALSE,
MON01,NWJ20,DP20260614TO20260621,DSCF0016,2026-06-14,17:51,Green Acouchi,Myoprocta pratti,2,Connor Munro,FALSE,
MON01,NWJ20,DP20260614TO20260621,DSCF0017,2026-06-15,1:00,Mouse,N/A,1,Connor Munro,TRUE,
MON01,NWJ20,DP20260614TO20260621,DSCF0019,2026-06-15,17:32,Pale-winged Trumpeter,Psophia leucoptera,1,Connor Munro,FALSE,
MON01,NWJ20,DP20260614TO20260621,DSCF0020,2026-06-15,17:32,Pale-winged Trumpeter,Psophia leucoptera,1,Connor Munro,FALSE,
MON01,NWJ20,DP20260614TO20260621,DSCF0021,2026-06-15,17:33,Pale-winged Trumpeter,Psophia leucoptera,1,Connor Munro,FALSE,
MON01,NWJ20,DP20260614TO20260621,DSCF0022,2026-06-16,6:03,Pale-winged Trumpeter,Psophia leucoptera,1,Connor Munro,FALSE,
MON01,NWJ20,DP20260614TO20260621,DSCF0023,2026-06-16,6:04,Pale-winged Trumpeter,Psophia leucoptera,1,Connor Munro,FALSE,
MON01,NWJ20,DP20260614TO20260621,DSCF0024,2026-06-16,6:05,Pale-winged Trumpeter,Psophia leucoptera,2,Connor Munro,FALSE,
MON01,NWJ20,DP20260614TO20260621,DSCF0025,2026-06-16,6:05,Pale-winged Trumpeter,Psophia leucoptera,3,Connor Munro,FALSE,
MON01,NWJ20,DP20260614TO20260621,DSCF0026,2026-06-16,6:06,Pale-winged Trumpeter,Psophia leucoptera,2,Connor Munro,FALSE,
MON01,NWJ20,DP20260614TO20260621,DSCF0027,2026-06-16,7:46,Pale-winged Trumpeter,Psophia leucoptera,3,Connor Munro,FALSE,
MON01,NWJ20,DP20260614TO20260621,DSCF0028,2026-06-16,7:46,Pale-winged Trumpeter,Psophia leucoptera,3,Connor Munro,FALSE,
MON01,NWJ20,DP20260614TO20260621,DSCF0029,2026-06-16,7:47,Pale-winged Trumpeter,Psophia leucoptera,2,Connor Munro,FALSE,
MON01,NWJ20,DP20260614TO20260621,DSCF0030,2026-06-16,7:47,Pale-winged Trumpeter,Psophia leucoptera,1,Connor Munro,FALSE,
MON01,NWJ20,DP20260614TO20260621,DSCF0034,2026-06-16,18:10,Green Acouchi,Myoprocta pratti,2,Connor Munro,FALSE,
MON01,NWJ20,DP20260614TO20260621,DSCF0035,2026-06-16,18:10,Green Acouchi,Myoprocta pratti,2,Connor Munro,FALSE,
MON01,NWJ20,DP20260614TO20260621,DSCF0036,2026-06-16,18:10,Green Acouchi,Myoprocta pratti,2,Connor Munro,FALSE,
MON01,NWJ20,DP20260614TO20260621,DSCF0037,2026-06-16,18:10,Green Acouchi,Myoprocta pratti,2,Connor Munro,FALSE,
MON01,NWJ20,DP20260614TO20260621,DSCF0038,2026-06-16,18:11,Green Acouchi,Myoprocta pratti,1,Connor Munro,FALSE,
MON01,NWJ20,DP20260614TO20260621,DSCF0040,2026-06-16,18:12,Green Acouchi,Myoprocta pratti,1,Connor Munro,FALSE,
MON01,NWJ20,DP20260614TO20260621,DSCF0041,2026-06-16,18:14,Green Acouchi,Myoprocta pratti,1,Connor Munro,FALSE,
MON01,NWJ20,DP20260614TO20260621,DSCF0042,2026-06-17,9:54,Northern Amazon Red Squirrel,Hadrosciurus igniventris,1,Connor Munro,FALSE,
MON01,NWJ20,DP20260614TO20260621,DSCF0043,2026-06-17,9:55,Northern Amazon Red Squirrel,Hadrosciurus igniventris,1,Connor Munro,FALSE,
MON01,NWJ20,DP20260614TO20260621,DSCF0044,2026-06-17,9:55,Northern Amazon Red Squirrel,Hadrosciurus igniventris,1,Connor Munro,FALSE,
MON01,NWJ20,DP20260614TO20260621,DSCF0045,2026-06-17,9:56,Northern Amazon Red Squirrel,Hadrosciurus igniventris,1,Connor Munro,FALSE,
MON01,NWJ20,DP20260614TO20260621,DSCF0046,2026-06-17,9:56,Northern Amazon Red Squirrel,Hadrosciurus igniventris,1,Connor Munro,FALSE,
MON01,NWJ20,DP20260614TO20260621,DSCF0047,2026-06-17,9:56,Northern Amazon Red Squirrel,Hadrosciurus igniventris,1,Connor Munro,FALSE,
MON01,NWJ20,DP20260614TO20260621,DSCF0048,2026-06-17,9:57,Northern Amazon Red Squirrel,Hadrosciurus igniventris,1,Connor Munro,FALSE,
MON01,NWJ20,DP20260614TO20260621,DSCF0049,2026-06-17,9:57,Northern Amazon Red Squirrel,Hadrosciurus igniventris,1,Connor Munro,FALSE,
MON01,NWJ20,DP20260614TO20260621,DSCF0050,2026-06-17,9:57,Northern Amazon Red Squirrel,Hadrosciurus igniventris,1,Connor Munro,FALSE,
MON01,NWJ20,DP20260614TO20260621,DSCF0051,2026-06-17,9:58,Pale-winged Trumpeter,Psophia leucoptera,4,Connor Munro,FALSE,
MON01,NWJ20,DP20260614TO20260621,DSCF0052,2026-06-17,9:58,Pale-winged Trumpeter,Psophia leucoptera,4,Connor Munro,FALSE,
MON01,NWJ20,DP20260614TO20260621,DSCF0053,2026-06-17,9:59,Pale-winged Trumpeter,Psophia leucoptera,4,Connor Munro,FALSE,
MON01,NWJ20,DP20260614TO20260621,DSCF0054,2026-06-17,9:59,Pale-winged Trumpeter,Psophia leucoptera,1,Connor Munro,FALSE,
MON01,NWJ20,DP20260614TO20260621,DSCF0055,2026-06-17,9:59,Pale-winged Trumpeter,Psophia leucoptera,1,Connor Munro,FALSE,
MON01,NWJ20,DP20260614TO20260621,DSCF0056,2026-06-17,10:00,Pale-winged Trumpeter,Psophia leucoptera,1,Connor Munro,FALSE,
MON01,NWJ20,DP20260614TO20260621,DSCF0057,2026-06-17,10:00,Pale-winged Trumpeter,Psophia leucoptera,1,Connor Munro,FALSE,
MON01,NWJ20,DP20260614TO20260621,DSCF0058,2026-06-17,10:01,Pale-winged Trumpeter,Psophia leucoptera,1,Connor Munro,FALSE,
MON01,NWJ20,DP20260614TO20260621,DSCF0059,2026-06-17,10:01,Pale-winged Trumpeter,Psophia leucoptera,1,Connor Munro,FALSE,
MON01,NWJ20,DP20260614TO20260621,DSCF0062,2026-06-17,15:42,Green Acouchi,Myoprocta pratti,1,Connor Munro,FALSE,
MON01,NWJ20,DP20260614TO20260621,DSCF0063,2026-06-17,15:42,Green Acouchi,Myoprocta pratti,1,Connor Munro,FALSE,
MON01,NWJ20,DP20260614TO20260621,DSCF0064,2026-06-17,15:42,Green Acouchi,Myoprocta pratti,1,Connor Munro,FALSE,
MON01,NWJ20,DP20260614TO20260621,DSCF0065,2026-06-17,15:43,Green Acouchi,Myoprocta pratti,1,Connor Munro,FALSE,
MON01,NWJ20,DP20260614TO20260621,DSCF0069,2026-06-18,3:20,Mouse,N/A,1,Connor Munro,TRUE,
MON01,NWJ20,DP20260614TO20260621,DSCF0070,2026-06-18,6:33,Green Acouchi,Myoprocta pratti,1,Connor Munro,FALSE,
MON01,NWJ20,DP20260614TO20260621,DSCF0071,2026-06-18,6:45,Green Acouchi,Myoprocta pratti,1,Connor Munro,FALSE,
MON01,NWJ20,DP20260614TO20260621,DSCF0072,2026-06-18,6:46,Green Acouchi,Myoprocta pratti,1,Connor Munro,FALSE,
MON01,NWJ20,DP20260614TO20260621,DSCF0073,2026-06-18,6:48,Green Acouchi,Myoprocta pratti,1,Connor Munro,FALSE,
MON01,NWJ20,DP20260614TO20260621,DSCF0074,2026-06-18,6:49,Green Acouchi,Myoprocta pratti,1,Connor Munro,FALSE,
MON01,NWJ20,DP20260614TO20260621,DSCF0077,2026-06-18,6:50,Green Acouchi,Myoprocta pratti,1,Connor Munro,FALSE,
MON01,NWJ20,DP20260614TO20260621,DSCF0078,2026-06-18,6:51,Green Acouchi,Myoprocta pratti,1,Connor Munro,FALSE,
MON01,NWJ20,DP20260614TO20260621,DSCF0079,2026-06-18,6:51,Green Acouchi,Myoprocta pratti,1,Connor Munro,FALSE,
MON01,NWJ20,DP20260614TO20260621,DSCF0085,2026-06-18,9:20,Pale-winged Trumpeter,Psophia leucoptera,3,Connor Munro,FALSE,
MON01,NWJ20,DP20260614TO20260621,DSCF0086,2026-06-18,9:22,Pale-winged Trumpeter,Psophia leucoptera,1,Connor Munro,FALSE,
MON01,NWJ20,DP20260614TO20260621,DSCF0087,2026-06-18,9:22,Pale-winged Trumpeter,Psophia leucoptera,1,Connor Munro,FALSE,
MON01,NWJ20,DP20260614TO20260621,DSCF0088,2026-06-18,17:17,Green Acouchi,Myoprocta pratti,1,Connor Munro,FALSE,
MON01,NWJ20,DP20260614TO20260621,DSCF0089,2026-06-18,17:19,Green Acouchi,Myoprocta pratti,1,Connor Munro,FALSE,
MON01,NWJ20,DP20260614TO20260621,DSCF0090,2026-06-18,17:27,Green Acouchi,Myoprocta pratti,1,Connor Munro,FALSE,
MON01,NWJ20,DP20260614TO20260621,DSCF0091,2026-06-18,17:27,Green Acouchi,Myoprocta pratti,1,Connor Munro,FALSE,
MON01,NWJ20,DP20260614TO20260621,DSCF0092,2026-06-18,17:27,Green Acouchi,Myoprocta pratti,1,Connor Munro,FALSE,
MON01,NWJ20,DP20260614TO20260621,DSCF0093,2026-06-18,17:30,Green Acouchi,Myoprocta pratti,1,Connor Munro,FALSE,
MON01,NWJ20,DP20260614TO20260621,DSCF0094,2026-06-18,17:30,Green Acouchi,Myoprocta pratti,1,Connor Munro,FALSE,
MON01,NWJ20,DP20260614TO20260621,DSCF0095,2026-06-18,17:30,Green Acouchi,Myoprocta pratti,1,Connor Munro,FALSE,
MON01,NWJ20,DP20260614TO20260621,DSCF0096,2026-06-18,17:32,Green Acouchi,Myoprocta pratti,1,Connor Munro,FALSE,
MON01,NWJ20,DP20260614TO20260621,DSCF0097,2026-06-18,17:32,Green Acouchi,Myoprocta pratti,1,Connor Munro,FALSE,
MON01,NWJ20,DP20260614TO20260621,DSCF0098,2026-06-18,18:00,Green Acouchi,Myoprocta pratti,1,Connor Munro,FALSE,
MON01,NWJ20,DP20260614TO20260621,DSCF0099,2026-06-18,18:01,Green Acouchi,Myoprocta pratti,1,Connor Munro,FALSE,
MON01,NWJ20,DP20260614TO20260621,DSCF0100,2026-06-18,18:03,Green Acouchi,Myoprocta pratti,1,Connor Munro,FALSE,
MON01,NWJ20,DP20260614TO20260621,DSCF0101,2026-06-19,2:09,Mouse,N/A,1,Connor Munro,TRUE,
MON01,NWJ20,DP20260614TO20260621,DSCF0103,2026-06-19,15:57,Green Acouchi,Myoprocta pratti,1,Connor Munro,FALSE,
MON01,NWJ20,DP20260614TO20260621,DSCF0104,2026-06-19,15:58,Green Acouchi,Myoprocta pratti,1,Connor Munro,FALSE,
MON01,NWJ20,DP20260614TO20260621,DSCF0105,2026-06-19,15:58,Green Acouchi,Myoprocta pratti,1,Connor Munro,FALSE,
MON01,NWJ20,DP20260614TO20260621,DSCF0106,2026-06-19,17:47,Green Acouchi,Myoprocta pratti,1,Connor Munro,FALSE,
MON01,NWJ20,DP20260614TO20260621,DSCF0107,2026-06-19,17:48,Green Acouchi,Myoprocta pratti,1,Connor Munro,FALSE,
MON01,NWJ20,DP20260614TO20260621,DSCF0108,2026-06-19,17:49,Green Acouchi,Myoprocta pratti,1,Connor Munro,FALSE,
MON01,NWJ20,DP20260614TO20260621,DSCF0109,2026-06-19,17:49,Green Acouchi,Myoprocta pratti,1,Connor Munro,FALSE,
MON01,NWJ20,DP20260614TO20260621,DSCF0110,2026-06-19,17:49,Green Acouchi,Myoprocta pratti,1,Connor Munro,FALSE,
MON01,NWJ20,DP20260614TO20260621,DSCF0111,2026-06-19,17:51,Green Acouchi,Myoprocta pratti,1,Connor Munro,FALSE,
MON01,NWJ20,DP20260614TO20260621,DSCF0112,2026-06-19,17:51,Green Acouchi,Myoprocta pratti,2,Connor Munro,FALSE,
MON01,NWJ20,DP20260614TO20260621,DSCF0113,2026-06-19,17:52,Green Acouchi,Myoprocta pratti,2,Connor Munro,FALSE,
MON01,NWJ20,DP20260614TO20260621,DSCF0114,2026-06-20,1:26,Mouse,N/A,1,Connor Munro,FALSE,
MON01,NWJ20,DP20260614TO20260621,DSCF0115,2026-06-20,4:05,Ocelot,Leopardus pardalis,1,Connor Munro,FALSE,
MON01,NWJ20,DP20260614TO20260621,DSCF0116,2026-06-20,7:01,Green Acouchi,Myoprocta pratti,1,Connor Munro,FALSE,
MON01,NWJ20,DP20260614TO20260621,DSCF0117,2026-06-20,7:02,Green Acouchi,Myoprocta pratti,1,Connor Munro,FALSE,
MON01,NWJ20,DP20260614TO20260621,DSCF0118,2026-06-20,7:03,Green Acouchi,Myoprocta pratti,1,Connor Munro,FALSE,
MON01,NWJ20,DP20260614TO20260621,DSCF0119,2026-06-20,7:07,Green Acouchi,Myoprocta pratti,1,Connor Munro,FALSE,
MON01,NWJ20,DP20260614TO20260621,DSCF0120,2026-06-20,7:10,Green Acouchi,Myoprocta pratti,1,Connor Munro,FALSE,
MON01,NWJ20,DP20260614TO20260621,DSCF0122,2026-06-20,13:34,Pale-winged Trumpeter,Psophia leucoptera,1,Connor Munro,FALSE,
MON01,NWJ20,DP20260614TO20260621,DSCF0123,2026-06-20,13:34,Pale-winged Trumpeter,Psophia leucoptera,4,Connor Munro,FALSE,
MON01,NWJ20,DP20260614TO20260621,DSCF0124,2026-06-20,13:36,Pale-winged Trumpeter,Psophia leucoptera,1,Connor Munro,FALSE,
MON01,NWJ20,DP20260614TO20260621,DSCF0125,2026-06-20,13:37,Pale-winged Trumpeter,Psophia leucoptera,2,Connor Munro,FALSE,
MON01,NWJ20,DP20260614TO20260621,DSCF0126,2026-06-20,13:38,Pale-winged Trumpeter,Psophia leucoptera,1,Connor Munro,FALSE,
MON01,NWJ20,DP20260614TO20260621,DSCF0127,2026-06-20,16:05,Pale-winged Trumpeter,Psophia leucoptera,2,Connor Munro,FALSE,
MON01,NWJ20,DP20260614TO20260621,DSCF0128,2026-06-20,16:56,Pale-winged Trumpeter,Psophia leucoptera,1,Connor Munro,FALSE,
MON01,NWJ20,DP20260614TO20260621,DSCF0129,2026-06-20,17:21,Pale-winged Trumpeter,Psophia leucoptera,1,Connor Munro,FALSE,
MON01,NWJ20,DP20260614TO20260621,DSCF0130,2026-06-20,17:22,Pale-winged Trumpeter,Psophia leucoptera,1,Connor Munro,FALSE,
MON01,NWJ20,DP20260614TO20260621,DSCF0131,2026-06-20,17:42,Pale-winged Trumpeter,Psophia leucoptera,1,Connor Munro,FALSE,
MON01,NWJ20,DP20260614TO20260621,DSCF0133,2026-06-20,18:03,Green Acouchi,Myoprocta pratti,1,Connor Munro,FALSE,
MON01,NWJ20,DP20260614TO20260621,DSCF0135,2026-06-20,18:06,Green Acouchi,Myoprocta pratti,1,Connor Munro,FALSE,
MON01,NWJ20,DP20260614TO20260621,DSCF0136,2026-06-20,18:06,Pale-winged Trumpeter,Psophia leucoptera,1,Connor Munro,FALSE,
MON01,NWJ20,DP20260614TO20260621,DSCF0138,2026-06-20,18:11,Pale-winged Trumpeter,Psophia leucoptera,1,Connor Munro,FALSE,
MON01,NWJ20,DP20260614TO20260621,DSCF0139,2026-06-20,18:15,Green Acouchi,Myoprocta pratti,1,Connor Munro,FALSE,
MON01,NWJ20,DP20260614TO20260621,DSCF0140,2026-06-21,6:02,Pale-winged Trumpeter,Psophia leucoptera,3,Connor Munro,FALSE,
MON01,NWJ20,DP20260614TO20260621,DSCF0141,2026-06-21,6:02,Pale-winged Trumpeter,Psophia leucoptera,2,Connor Munro,FALSE,
MON02,NWJ01,DP20260614TO20260621,DSCF0006,2026-06-15,8:01,Black Agouti,Dasyprocta fuliginosa,1,Connor Munro,FALSE,
MON02,NWJ01,DP20260614TO20260621,DSCF0007,2026-06-16,0:13,Common Black-eared Opossum,Didelphis marsupialis,1,Connor Munro,FALSE,
MON02,NWJ01,DP20260614TO20260621,DSCF0008,2026-06-16,1:04,Mouse,N/A,1,Connor Munro,TRUE,
MON02,NWJ01,DP20260614TO20260621,DSCF0010,2026-06-16,16:55,Black Agouti,Dasyprocta fuliginosa,1,Connor Munro,FALSE,
MON02,NWJ01,DP20260614TO20260621,DSCF0011,2026-06-17,17:27,Black Agouti,Dasyprocta fuliginosa,1,Connor Munro,FALSE,
MON02,NWJ01,DP20260614TO20260621,DSCF0012,2026-06-18,0:37,Common Black-eared Opossum,Didelphis marsupialis,1,Connor Munro,FALSE,
MON02,NWJ01,DP20260614TO20260621,DSCF0013,2026-06-18,11:27,Tayra,Eira Barbara,1,Connor Munro,FALSE,
MON02,NWJ01,DP20260614TO20260621,DSCF0014,2026-06-18,16:28,Green Acouchi,Myoprocta pratti,1,Connor Munro,FALSE,
MON02,NWJ01,DP20260614TO20260621,DSCF0015,2026-06-19,0:06,Mouse,N/A,1,Connor Munro,TRUE,
MON02,NWJ01,DP20260614TO20260621,DSCF0016,2026-06-19,0:47,Mouse,N/A,1,Connor Munro,TRUE,
MON02,NWJ01,DP20260614TO20260621,DSCF0017,2026-06-19,0:51,Mouse,N/A,1,Connor Munro,TRUE,
MON02,NWJ01,DP20260614TO20260621,DSCF0024,2026-06-20,6:17,Black Agouti,Dasyprocta fuliginosa,1,Connor Munro,FALSE,
MON02,NWJ01,DP20260614TO20260621,DSCF0019,2026-06-20,6:33,Little Tinamou,Crypturellus soui,1,Connor Munro,TRUE,not 100% sure
MON02,NWJ01,DP20260614TO20260621,DSCF0020,2026-06-20,6:38,Little Tinamou,Crypturellus soui,1,Connor Munro,TRUE,^
MON02,NWJ01,DP20260614TO20260621,DSCF0021,2026-06-20,6:38,Little Tinamou,Crypturellus soui,1,Connor Munro,TRUE,^
MON02,NWJ01,DP20260614TO20260621,DSCF0022,2026-06-20,22:30,Mouse,N/A,1,Connor Munro,TRUE,
MON02,NWJ01,DP20260614TO20260621,DSCF0023,2026-06-20,23:19,Black Agouti,Dasyprocta fuliginosa,1,Connor Munro,TRUE,not 100% sure
MON03,NWJ15,DP20260614TO20260621,DSCF0006,2026-06-14,18:59,Common Black-eared Opossum,Didelphis marsupialis,1,Connor Munro,FALSE,
MON03,NWJ15,DP20260614TO20260621,DSCF0007,2026-06-16,7:27,South American Coati,Nasua Nasua,1,Connor Munro,FALSE,
MON03,NWJ15,DP20260614TO20260621,DSCF0008,2026-06-16,17:48,Green Acouchi,Myoprocta pratti,1,Connor Munro,FALSE,
MON03,NWJ15,DP20260614TO20260621,DSCF0009,2026-06-16,20:11,Mouse,N/A,1,Connor Munro,TRUE,
MON03,NWJ15,DP20260614TO20260621,DSCF0010,2026-06-16,21:18,Mouse,N/A,1,Connor Munro,TRUE,
MON03,NWJ15,DP20260614TO20260621,DSCF0011,2026-06-17,8:22,Green Acouchi,Myoprocta pratti,1,Connor Munro,FALSE,
MON03,NWJ15,DP20260614TO20260621,DSCF0012,2026-06-17,14:58,Pale-winged Trumpeter,Psophia leucoptera,1,Connor Munro,FALSE,
MON03,NWJ15,DP20260614TO20260621,DSCF0014,2026-06-18,22:18,Common Black-eared Opossum,Didelphis marsupialis,1,Connor Munro,FALSE,
MON03,NWJ15,DP20260614TO20260621,DSCF0015,2026-06-18,22:18,Common Black-eared Opossum,Didelphis marsupialis,1,Connor Munro,FALSE,
MON03,NWJ15,DP20260614TO20260621,DSCF0016,2026-06-18,23:40,Lowland Paca,Cuniculus paca,1,Connor Munro,FALSE,
MON03,NWJ15,DP20260614TO20260621,DSCF0017,2026-06-19,10:18,Northern Amazon Red Squirrel,Hadrosciurus igniventris,1,Connor Munro,FALSE,
MON03,NWJ15,DP20260614TO20260621,DSCF0018,2026-06-19,10:18,Northern Amazon Red Squirrel,Hadrosciurus igniventris,1,Connor Munro,FALSE,
MON03,NWJ15,DP20260614TO20260621,DSCF0019,2026-06-19,11:58,American Red Brocket,Mazama americana,1,Connor Munro,FALSE,
MON03,NWJ15,DP20260614TO20260621,DSCF0021,2026-06-20,3:01,Lowland Paca,Cuniculus paca,1,Connor Munro,FALSE,
MON03,NWJ15,DP20260614TO20260621,DSCF0022,2026-06-20,3:15,Nine-banded armadillo,Dasypus Novemcinctus,1,Connor Munro,FALSE,
MON03,NWJ15,DP20260614TO20260621,DSCF0023,2026-06-20,22:53,Mouse,N/A,1,Connor Munro,TRUE,
MON03,NWJ15,DP20260614TO20260621,DSCF0024,2026-06-21,6:20,Pale-winged Trumpeter,Psophia leucoptera,2,Connor Munro,TRUE,not 100% sure
MON04,NWJ11,DP20260614TO20260621,DSCF0003,2026-06-15,6:06,Green Acouchi,Myoprocta pratti,1,Nico Jaworski,FALSE,
MON04,NWJ11,DP20260614TO20260621,DSCF0004,2026-06-15,6:07,Green Acouchi,Myoprocta pratti,1,Nico Jaworski,FALSE,
MON04,NWJ11,DP20260614TO20260621,DSCF0005,2026-06-15,13:50,Great Tinamou,Tinamus major,1,Nico Jaworski,FALSE,
MON04,NWJ11,DP20260614TO20260621,DSCF0006,2026-06-15,17:49,Nocturnal Currassow,Nothocrax urumutum,1,Nico Jaworski,FALSE,
MON04,NWJ11,DP20260614TO20260621,DSCF0007,2026-06-15,17:49,Nocturnal Currassow,Nothocrax urumutum,1,Nico Jaworski,FALSE,
MON04,NWJ11,DP20260614TO20260621,DSCF0008,2026-06-15,17:49,Nocturnal Currassow,Nothocrax urumutum,1,Nico Jaworski,FALSE,
MON04,NWJ11,DP20260614TO20260621,DSCF0009,2026-06-15,17:53,Nocturnal Currassow,Nothocrax urumutum,2,Nico Jaworski,FALSE,
MON04,NWJ11,DP20260614TO20260621,DSCF0011,2026-06-17,6:07,Green Acouchi,Myoprocta pratti,1,Nico Jaworski,FALSE,
MON04,NWJ11,DP20260614TO20260621,DSCF0012,2026-06-17,18:00,Green Acouchi,Myoprocta pratti,1,Nico Jaworski,FALSE,
MON04,NWJ11,DP20260614TO20260621,DSCF0013,2026-06-19,17:51,Green Acouchi,Myoprocta pratti,1,Nico Jaworski,TRUE,
MON04,NWJ11,DP20260614TO20260621,DSCF0014,2026-06-20,17:45,Nocturnal Currassow,Nothocrax urumutum,1,Nico Jaworski,FALSE,
MON04,NWJ11,DP20260614TO20260621,DSCF0015,2026-06-20,17:45,Nocturnal Currassow,Nothocrax urumutum,2,Nico Jaworski,FALSE,
MON04,NWJ11,DP20260614TO20260621,DSCF0016,2026-06-20,17:46,Nocturnal Currassow,Nothocrax urumutum,2,Nico Jaworski,FALSE,
MON04,NWJ11,DP20260614TO20260621,DSCF0017,2026-06-20,17:47,Nocturnal Currassow,Nothocrax urumutum,1,Nico Jaworski,FALSE,
MON04,NWJ11,DP20260614TO20260621,DSCF0018,2026-06-21,4:46,Mouse,N/A,1,Nico Jaworski,FALSE,
MON05,NWJ13,DP20260614TO20260621,DSCF0004,2026-06-15,15:51,Green Acouchi,Myoprocta pratti,1,Nico Jaworski,FALSE,
MON05,NWJ13,DP20260614TO20260621,DSCF0005,2026-06-16,2:31,Mouse,N/A,1,Nico Jaworski,FALSE,
MON05,NWJ13,DP20260614TO20260621,DSCF0007,2026-06-16,9:15,Black Agouti,Dasyprocta fuliginosa,1,Nico Jaworski,FALSE,
MON05,NWJ13,DP20260614TO20260621,DSCF0008,2026-06-16,16:03,Yellow-FootedTortoise,Chelonoidis denticulatus,1,Nico Jaworski,TRUE,
MON05,NWJ13,DP20260614TO20260621,DSCF0009,2026-06-17,18:10,Great Tinamou,Tinamus major,1,Nico Jaworski,TRUE,
MON05,NWJ13,DP20260614TO20260621,DSCF0010,2026-06-17,18:10,Great Tinamou,Tinamus major,1,Nico Jaworski,TRUE,
MON05,NWJ13,DP20260614TO20260621,DSCF0014,2026-06-18,16:54,Great Tinamou,Tinamus major,1,Nico Jaworski,FALSE,Individual BARELY in the right side of the frame
MON05,NWJ13,DP20260614TO20260621,DSCF0015,2026-06-18,16:54,Great Tinamou,Tinamus major,1,Nico Jaworski,FALSE,
MON05,NWJ13,DP20260614TO20260621,DSCF0016,2026-06-18,16:54,Great Tinamou,Tinamus major,1,Nico Jaworski,FALSE,
MON05,NWJ13,DP20260614TO20260621,DSCF0017,2026-06-18,16:55,Great Tinamou,Tinamus major,1,Nico Jaworski,FALSE,
MON05,NWJ13,DP20260614TO20260621,DSCF0018,2026-06-21,5:59,Black Agouti,Dasyprocta fuliginosa,1,Nico Jaworski,FALSE,
MON06,NWJ08,DP20260614TO20260621,DSCF0006,2026-06-14,21:00,Southern Tamandua,Tamandua tetradactyla,1,Connor Munro,FALSE,
MON06,NWJ08,DP20260614TO20260621,DSCF0007,2026-06-14,21:00,Southern Tamandua,Tamandua tetradactyla,1,Connor Munro,FALSE,
MON06,NWJ08,DP20260614TO20260621,DSCF0008,2026-06-14,21:19,Southern Tamandua,Tamandua tetradactyla,1,Connor Munro,TRUE,Probably tamandua but not 100% sure
MON06,NWJ08,DP20260614TO20260621,DSCF0014,2026-06-17,9:10,Black Agouti,Dasyprocta fuliginosa,1,Connor Munro,FALSE,
MON06,NWJ08,DP20260614TO20260621,DSCF0015,2026-06-17,23:53,Tapir,Tapirus terrestris,1,Connor Munro,FALSE,
MON06,NWJ08,DP20260614TO20260621,DSCF0017,2026-06-18,15:54,Black Agouti,Dasyprocta fuliginosa,1,Connor Munro,FALSE,
MON06,NWJ08,DP20260614TO20260621,DSCF0018,2026-06-19,0:45,Southern Tamandua,Tamandua tetradactyla,1,Connor Munro,FALSE,
MON06,NWJ08,DP20260614TO20260621,DSCF0019,2026-06-19,2:15,Ocelot,Lepardus paradalis,1,Connor Munro,FALSE,
MON06,NWJ08,DP20260614TO20260621,DSCF0020,2026-06-19,2:15,Ocelot,Lepardus paradalis,1,Connor Munro,FALSE,
MON06,NWJ08,DP20260614TO20260621,DSCF0021,2026-06-19,2:18,Ocelot,Lepardus paradalis,1,Connor Munro,FALSE,
MON06,NWJ08,DP20260614TO20260621,DSCF0023,2026-06-19,4:57,Ocelot,Lepardus paradalis,1,Connor Munro,FALSE,
MON06,NWJ08,DP20260614TO20260621,DSCF0024,2026-06-19,4:57,Ocelot,Lepardus paradalis,1,Connor Munro,FALSE,
MON06,NWJ08,DP20260614TO20260621,DSCF0025,2026-06-19,4:58,Ocelot,Lepardus paradalis,1,Connor Munro,FALSE,
MON06,NWJ08,DP20260614TO20260621,DSCF0026,2026-06-19,10:28,Murelia Brown Brocket,Mazama nemorivaga,1,Connor Munro,FALSE,
MON06,NWJ08,DP20260614TO20260621,DSCF0030,2026-06-19,15:46,Grey-Winged Trumpeter,Psophia crepitans,1,Connor Munro,FALSE,
MON06,NWJ08,DP20260614TO20260621,DSCF0031,2026-06-19,15:46,Grey-Winged Trumpeter,Psophia crepitans,1,Connor Munro,FALSE,
MON06,NWJ08,DP20260614TO20260621,DSCF0033,2026-06-21,1:52,Mouse,N/A,1,Connor Munro,FALSE,
MON07,NWJ16,DP20260614TO20260621,DSCF0022,2026-06-14,17:18,Great Tinamou,Tinamus major,1,Nico Jaworski,FALSE,
MON07,NWJ16,DP20260614TO20260621,DSCF0024,2026-06-14,22:14,Mouse,N/A,1,Nico Jaworski,FALSE,
MON07,NWJ16,DP20260614TO20260621,DSCF0025,2026-06-15,0:35,Mouse,N/A,1,Nico Jaworski,FALSE,
MON07,NWJ16,DP20260614TO20260621,DSCF0026,2026-06-16,0:29,Common Black-eared Opossum,Didelphis marsupialis,1,Nico Jaworski,FALSE,
MON07,NWJ16,DP20260614TO20260621,DSCF0027,2026-06-16,0:29,Common Black-eared Opossum,Didelphis marsupialis,1,Nico Jaworski,FALSE,
MON07,NWJ16,DP20260614TO20260621,DSCF0029,2026-06-16,4:57,Mouse,N/A,2,Nico Jaworski,FALSE,
MON07,NWJ16,DP20260614TO20260621,DSCF0030,2026-06-16,7:41,American Red Brocket,Mazama american,1,Nico Jaworski,FALSE,
MON07,NWJ16,DP20260614TO20260621,DSCF0031,2026-06-16,10:26,Green Acouchi,Myoprocta pratti,1,Nico Jaworski,FALSE,
MON07,NWJ16,DP20260614TO20260621,DSCF0032,2026-06-17,14:41,Lizard,N/A,1,Nico Jaworski,FALSE,
MON07,NWJ16,DP20260614TO20260621,DSCF0034,2026-06-17,21:03,Black Agouti,Dasyprocta fuliginosa,1,Nico Jaworski,TRUE,
MON07,NWJ16,DP20260614TO20260621,DSCF0035,2026-06-17,23:19,Tapir,Tapirus terrestris,1,Nico Jaworski,FALSE,
MON07,NWJ16,DP20260614TO20260621,DSCF0036,2026-06-17,23:19,Tapir,Tapirus terrestris,1,Nico Jaworski,FALSE,
MON07,NWJ16,DP20260614TO20260621,DSCF0037,2026-06-17,23:19,Tapir,Tapirus terrestris,1,Nico Jaworski,FALSE,
MON07,NWJ16,DP20260614TO20260621,DSCF0038,2026-06-17,23:40,Tapir,Tapirus terrestris,1,Nico Jaworski,FALSE,"Different individual from 3 videos before, seems to be following female"
MON07,NWJ16,DP20260614TO20260621,DSCF0039,2026-06-20,20:08,Gray Four-Eyes Opossum,Philander andersoni,1,Nico Jaworski,TRUE,
MON07,NWJ16,DP20260614TO20260621,DSCF0040,2026-06-20,20:09,Gray Four-Eyes Opossum,Philander andersoni,1,Nico Jaworski,FALSE,
MON08,NWJ05,DP20260614TO20260621,DSCF0019,2026-06-16,8:59,Pale-winged Trumpeter,Psophia leucoptera,2,Nico Jaworski,FALSE,
MON08,NWJ05,DP20260614TO20260621,DSCF0020,2026-06-16,8:59,Pale-winged Trumpeter,Psophia leucoptera,3,Nico Jaworski,FALSE,
MON08,NWJ05,DP20260614TO20260621,DSCF0021,2026-06-16,8:59,Pale-winged Trumpeter,Psophia leucoptera,3,Nico Jaworski,FALSE,
MON08,NWJ05,DP20260614TO20260621,DSCF0022,2026-06-16,8:59,Pale-winged Trumpeter,Psophia leucoptera,3,Nico Jaworski,FALSE,
MON08,NWJ05,DP20260614TO20260621,DSCF0023,2026-06-16,9:00,Pale-winged Trumpeter,Psophia leucoptera,3,Nico Jaworski,FALSE,
MON08,NWJ05,DP20260614TO20260621,DSCF0024,2026-06-16,9:00,Pale-winged Trumpeter,Psophia leucoptera,3,Nico Jaworski,FALSE,
MON08,NWJ05,DP20260614TO20260621,DSCF0025,2026-06-16,9:00,Pale-winged Trumpeter,Psophia leucoptera,3,Nico Jaworski,FALSE,
MON08,NWJ05,DP20260614TO20260621,DSCF0026,2026-06-16,9:00,Pale-winged Trumpeter,Psophia leucoptera,2,Nico Jaworski,FALSE,
MON08,NWJ05,DP20260614TO20260621,DSCF0029,2026-06-18,19:01,Lowland Paca,Cuniculus paca,1,Nico Jaworski,FALSE,
MON08,NWJ05,DP20260614TO20260621,DSCF0030,2026-06-18,19:02,Lowland Paca,Cuniculus paca,1,Nico Jaworski,FALSE,
MON08,NWJ05,DP20260614TO20260621,DSCF0031,2026-06-18,19:02,Lowland Paca,Cuniculus paca,1,Nico Jaworski,FALSE,
MON08,NWJ05,DP20260614TO20260621,DSCF0032,2026-06-18,23:37,Nine Banded Armadillo,Dasypus novemcinctus,1,Nico Jaworski,FALSE,
MON08,NWJ05,DP20260614TO20260621,DSCF0033,2026-06-18,23:37,Nine Banded Armadillo,Dasypus novemcinctus,1,Nico Jaworski,FALSE,
MON08,NWJ05,DP20260614TO20260621,DSCF0034,2026-06-18,23:38,Nine Banded Armadillo,Dasypus novemcinctus,1,Nico Jaworski,FALSE,
MON08,NWJ05,DP20260614TO20260621,DSCF0036,2026-06-19,23:08,Mouse,N/A,1,Nico Jaworski,FALSE,
MON08,NWJ05,DP20260614TO20260621,DSCF0037,2026-06-20,19:09,Brocket deer,Mazama spp.,1,Nico Jaworski,FALSE,
MON08,NWJ05,DP20260614TO20260621,DSCF0038,2026-06-20,19:09,Brocket deer,Mazama spp.,1,Nico Jaworski,FALSE,
MON08,NWJ05,DP20260614TO20260621,DSCF0039,2026-06-20,19:09,Brocket deer,Mazama spp.,1,Nico Jaworski,FALSE,
MON08,NWJ05,DP20260614TO20260621,DSCF0040,2026-06-20,19:09,Brocket deer,Mazama spp.,1,Nico Jaworski,FALSE,
MON08,NWJ05,DP20260614TO20260621,DSCF0041,2026-06-20,19:09,Brocket deer,Mazama spp.,1,Nico Jaworski,FALSE,
MON08,NWJ05,DP20260614TO20260621,DSCF0042,2026-06-20,19:10,Brocket deer,Mazama spp.,1,Nico Jaworski,FALSE,
MON09,NWJ06,DP20260614TO20260621,DSCF0006,2026-06-16,6:58,Black Agouti,Dasyprocta fuliginosa,1,Nico Jaworski,FALSE,
MON09,NWJ06,DP20260614TO20260621,DSCF0007,2026-06-16,10:12,Pale-winged Trumpeter,Psophia leucoptera,1,Nico Jaworski,FALSE,
MON10,NWJ12,DP20260614TO20260621,DSCF0001,2026-06-16,22:41,Common Black-eared Opossum,Didelphis marsupialis,1,Nico Jaworski,FALSE,
MON10,NWJ12,DP20260614TO20260621,DSCF0002,2026-06-16,22:49,Mouse,N/A,1,Nico Jaworski,FALSE,
MON10,NWJ12,DP20260614TO20260621,DSCF0003,2026-06-19,3:19,Ocelot,Leopardus pardalis,1,Nico Jaworski,FALSE,
MON10,NWJ12,DP20260614TO20260621,DSCF0004,2026-06-19,3:19,Ocelot,Leopardus pardalis,1,Nico Jaworski,FALSE,
MON10,NWJ12,DP20260614TO20260621,DSCF0005,2026-06-19,15:07,Brocket deer,Mazama spp.,1,Nico Jaworski,FALSE,
MON10,NWJ12,DP20260614TO20260621,DSCF0006,2026-06-20,14:01,Lizard,N/A,1,Nico Jaworski,FALSE,
MON11,NWJ09,DP20260614TO20260621,DSCF0009,2026-06-14,16:47,Black Agouti,Dasyprocta fuliginosa,1,Nico Jaworski,FALSE,
MON11,NWJ09,DP20260614TO20260621,DSCF0010,2026-06-14,16:47,Black Agouti,Dasyprocta fuliginosa,1,Nico Jaworski,FALSE,
MON11,NWJ09,DP20260614TO20260621,DSCF0011,2026-06-14,16:47,Black Agouti,Dasyprocta fuliginosa,1,Nico Jaworski,FALSE,
MON11,NWJ09,DP20260614TO20260621,DSCF0012,2026-06-14,16:49,Black Agouti,Dasyprocta fuliginosa,1,Nico Jaworski,FALSE,
MON11,NWJ09,DP20260614TO20260621,DSCF0013,2026-06-14,17:38,Green Acouchi,Myoprocta pratti,1,Nico Jaworski,FALSE,
MON11,NWJ09,DP20260614TO20260621,DSCF0014,2026-06-15,12:51,Pale-winged Trumpeter,Psophia leucoptera,1,Nico Jaworski,FALSE,
MON11,NWJ09,DP20260614TO20260621,DSCF0015,2026-06-16,23:58,Mouse,N/A,1,Nico Jaworski,FALSE,
MON11,NWJ09,DP20260614TO20260621,DSCF0016,2026-06-17,21:23,Lowland Paca,Cuniculus paca,1,Nico Jaworski,FALSE,
MON11,NWJ09,DP20260614TO20260621,DSCF0018,2026-06-18,16:32,Black Agouti,Dasyprocta fuliginosa,1,Nico Jaworski,FALSE,
MON11,NWJ09,DP20260614TO20260621,DSCF0019,2026-06-18,16:32,Black Agouti,Dasyprocta fuliginosa,1,Nico Jaworski,FALSE,
MON11,NWJ09,DP20260614TO20260621,DSCF0020,2026-06-18,16:32,Black Agouti,Dasyprocta fuliginosa,1,Nico Jaworski,FALSE,
MON11,NWJ09,DP20260614TO20260621,DSCF0022,2026-06-18,16:34,Black Agouti,Dasyprocta fuliginosa,1,Nico Jaworski,FALSE,
MON11,NWJ09,DP20260614TO20260621,DSCF0023,2026-06-18,16:34,Black Agouti,Dasyprocta fuliginosa,1,Nico Jaworski,FALSE,
MON11,NWJ09,DP20260614TO20260621,DSCF0024,2026-06-18,16:47,Green Acouchi,Myoprocta pratti,1,Nico Jaworski,FALSE,
MON11,NWJ09,DP20260614TO20260621,DSCF0025,2026-06-18,16:47,Green Acouchi,Myoprocta pratti,1,Nico Jaworski,FALSE,
MON11,NWJ09,DP20260614TO20260621,DSCF0026,2026-06-19,12:16,Lizard,N/A,1,Nico Jaworski,FALSE,
MON11,NWJ09,DP20260614TO20260621,DSCF0027,2026-06-19,12:46,Black Agouti,Dasyprocta fuliginosa,1,Nico Jaworski,FALSE,
MON11,NWJ09,DP20260614TO20260621,DSCF0028,2026-06-19,12:46,Black Agouti,Dasyprocta fuliginosa,1,Nico Jaworski,FALSE,
MON11,NWJ09,DP20260614TO20260621,DSCF0030,2026-06-19,12:47,Black Agouti,Dasyprocta fuliginosa,1,Nico Jaworski,FALSE,
MON11,NWJ09,DP20260614TO20260621,DSCF0032,2026-06-20,8:09,American Red Brocket,Mazama americana,1,Nico Jaworski,FALSE,
MON11,NWJ09,DP20260614TO20260621,DSCF0033,2026-06-20,8:10,American Red Brocket,Mazama americana,1,Nico Jaworski,FALSE,
MON11,NWJ09,DP20260614TO20260621,DSCF0034,2026-06-20,22:02,Nine Banded Armadillo,Dasypus novemcinctus,1,Nico Jaworski,FALSE,
MON11,NWJ09,DP20260614TO20260621,DSCF0035,2026-06-21,1:35,Lowland Paca,Cuniculus paca,1,Nico Jaworski,FALSE,
MON11,NWJ09,DP20260614TO20260621,DSCF0036,2026-06-21,1:36,Lowland Paca,Cuniculus paca,1,Nico Jaworski,FALSE,
MON12,NWJ07,DP20260614TO20260621,DSCF0004,2026-06-14,18:27,Mouse,N/A,1,Connor Munro,TRUE,
MON12,NWJ07,DP20260614TO20260621,DSCF0005,2026-06-15,3:41,Mouse,N/A,1,Connor Munro,TRUE,
MON12,NWJ07,DP20260614TO20260621,DSCF0006,2026-06-15,6:38,Pale-winged Trumpeter,Psophia leucoptera,1,Connor Munro,FALSE,
MON12,NWJ07,DP20260614TO20260621,DSCF0007,2026-06-15,11:36,Pale-winged Trumpeter,Psophia leucoptera,1,Connor Munro,FALSE,
MON12,NWJ07,DP20260614TO20260621,DSCF0009,2026-06-16,15:55,Black Agouti,Dasyprocta fuliginosa,1,Connor Munro,FALSE,
MON12,NWJ07,DP20260614TO20260621,DSCF0010,2026-06-16,16:23,Bird,N/A,1,Connor Munro,FALSE,
MON12,NWJ07,DP20260614TO20260621,DSCF0011,2026-06-16,16:24,Bird,N/A,1,Connor Munro,FALSE,
MON12,NWJ07,DP20260614TO20260621,DSCF0012,2026-06-18,16:07,Salvin's Currasow,Mitu salvini,3,Connor Munro,FALSE,
MON12,NWJ07,DP20260614TO20260621,DSCF0013,2026-06-18,16:07,Salvin's Currasow,Mitu salvini,2,Connor Munro,FALSE,
MON12,NWJ07,DP20260614TO20260621,DSCF0014,2026-06-18,16:08,Salvin's Currasow,Mitu salvini,2,Connor Munro,FALSE,
MON12,NWJ07,DP20260614TO20260621,DSCF0015,2026-06-18,16:08,Salvin's Currasow,Mitu salvini,1,Connor Munro,FALSE,
MON12,NWJ07,DP20260614TO20260621,DSCF0016,2026-06-18,23:21,Nine-banded armadillo,Dasypus novemcinctus,1,Connor Munro,FALSE,
MON12,NWJ07,DP20260614TO20260621,DSCF0017,2026-06-20,16:02,Bartlett's Tinamou,Crypturellus bartletti,1,Connor Munro,TRUE,
MON12,NWJ07,DP20260614TO20260621,DSCF0018,2026-06-20,16:25,Bartlett's Tinamou,Crypturellus bartletti,1,Connor Munro,TRUE,
MON13,NWJ19,DP20260615TO20260621,DSCF0005,2026-06-15,20:14,Common Black-eared Opossum,Didelphis marsupialis,1,Connor Munro,FALSE,
MON13,NWJ19,DP20260615TO20260621,DSCF0009,2026-06-17,4:52,Mouse,N/A,1,Connor Munro,TRUE,
MON13,NWJ19,DP20260615TO20260621,DSCF0010,2026-06-18,10:35,Northern Amazon Red Squirrel,Hadrosciurus igniventris,1,Connor Munro,FALSE,
MON13,NWJ19,DP20260615TO20260621,DSCF0016,2026-06-18,23:02,Mouse,N/A,1,Connor Munro,TRUE,
MON13,NWJ19,DP20260615TO20260621,DSCF0017,2026-06-19,6:27,Black Agouti,Dasyprocta fuliginosa,1,Connor Munro,FALSE,
MON13,NWJ19,DP20260615TO20260621,DSCF0018,2026-06-19,6:28,Black Agouti,Dasyprocta fuliginosa,1,Connor Munro,FALSE,
MON13,NWJ19,DP20260615TO20260621,DSCF0019,2026-06-19,9:09,Puma,Puma concolor,1,Connor Munro,FALSE,
MON13,NWJ19,DP20260615TO20260621,DSCF0020,2026-06-19,18:08,Black Agouti,Dasyprocta fuliginosa,1,Connor Munro,FALSE,
MON13,NWJ19,DP20260615TO20260621,DSCF0022,2026-06-21,5:59,None,N/A,N/A,Connor Munro,TRUE,couldn't find
MON13,NWJ19,DP20260615TO20260621,DSCF0023,2026-06-21,6:24,Green Acouchi,Myoprocta pratti,1,Connor Munro,FALSE,
MON14,NWJ10,DP20260615TO20260621,DSCF0006,2026-06-15,11:27,Green Acouchi,Myoprocta pratti,1,Connor Munro,FALSE,
MON14,NWJ10,DP20260615TO20260621,DSCF0007,2026-06-15,16:25,Green Acouchi,Myoprocta pratti,1,Connor Munro,FALSE,
MON14,NWJ10,DP20260615TO20260621,DSCF0008,2026-06-15,16:26,Green Acouchi,Myoprocta pratti,1,Connor Munro,FALSE,
MON14,NWJ10,DP20260615TO20260621,DSCF0010,2026-06-16,7:11,Marbled Wood Quail,Odontophorus gujanensis,3,Connor Munro,FALSE,
MON14,NWJ10,DP20260615TO20260621,DSCF0011,2026-06-16,7:12,Marbled Wood Quail,Odontophorus gujanensis,4,Connor Munro,FALSE,
MON14,NWJ10,DP20260615TO20260621,DSCF0015,2026-06-16,17:05,Green Acouchi,Myoprocta pratti,1,Connor Munro,FALSE,
MON14,NWJ10,DP20260615TO20260621,DSCF0016,2026-06-16,17:06,Green Acouchi,Myoprocta pratti,1,Connor Munro,FALSE,
MON14,NWJ10,DP20260615TO20260621,DSCF0018,2026-06-16,17:48,Marbled Wood Quail,Odontophorus gujanensis,1,Connor Munro,TRUE,not 100% sure
MON14,NWJ10,DP20260615TO20260621,DSCF0020,2026-06-17,9:09,Green Acouchi,Myoprocta pratti,1,Connor Munro,FALSE,
MON14,NWJ10,DP20260615TO20260621,DSCF0021,2026-06-17,13:01,Green Acouchi,Myoprocta pratti,1,Connor Munro,FALSE,
MON14,NWJ10,DP20260615TO20260621,DSCF0023,2026-06-17,13:48,Green Acouchi,Myoprocta pratti,1,Connor Munro,FALSE,
MON14,NWJ10,DP20260615TO20260621,DSCF0024,2026-06-17,13:48,Green Acouchi,Myoprocta pratti,1,Connor Munro,FALSE,
MON14,NWJ10,DP20260615TO20260621,DSCF0025,2026-06-17,13:48,Green Acouchi,Myoprocta pratti,2,Connor Munro,FALSE,
MON14,NWJ10,DP20260615TO20260621,DSCF0026,2026-06-17,13:49,Green Acouchi,Myoprocta pratti,2,Connor Munro,FALSE,
MON14,NWJ10,DP20260615TO20260621,DSCF0027,2026-06-17,13:49,Green Acouchi,Myoprocta pratti,2,Connor Munro,FALSE,
MON14,NWJ10,DP20260615TO20260621,DSCF0028,2026-06-17,13:50,Green Acouchi,Myoprocta pratti,1,Connor Munro,FALSE,
MON14,NWJ10,DP20260615TO20260621,DSCF0029,2026-06-17,13:50,Green Acouchi,Myoprocta pratti,2,Connor Munro,FALSE,
MON14,NWJ10,DP20260615TO20260621,DSCF0030,2026-06-17,13:50,Green Acouchi,Myoprocta pratti,1,Connor Munro,FALSE,
MON14,NWJ10,DP20260615TO20260621,DSCF0031,2026-06-17,16:04,Little Tinamou,Crypturellus soui,1,Connor Munro,TRUE,
MON14,NWJ10,DP20260615TO20260621,DSCF0032,2026-06-17,16:04,Little Tinamou,Crypturellus soui,1,Connor Munro,FALSE,
MON14,NWJ10,DP20260615TO20260621,DSCF0033,2026-06-17,17:01,Green Acouchi,Myoprocta pratti,1,Connor Munro,FALSE,
MON14,NWJ10,DP20260615TO20260621,DSCF0034,2026-06-18,16:39,Little Tinamou,Crypturellus soui,1,Connor Munro,TRUE,not 100% sure
MON14,NWJ10,DP20260615TO20260621,DSCF0035,2026-06-18,16:39,Marbled wood quail,Odontophorus gujanensis,1,Connor Munro,TRUE,^
MON14,NWJ10,DP20260615TO20260621,DSCF0038,2026-06-19,2:16,American Red Brocket,Mazama americana,1,Connor Munro,TRUE,^
MON14,NWJ10,DP20260615TO20260621,DSCF0044,2026-06-19,16:30,Green Acouchi,Myoprocta pratti,1,Connor Munro,FALSE,
MON14,NWJ10,DP20260615TO20260621,DSCF0045,2026-06-19,16:30,Green Acouchi,Myoprocta pratti,1,Connor Munro,FALSE,
MON14,NWJ10,DP20260615TO20260621,DSCF0046,2026-06-19,17:50,Green Acouchi,Myoprocta pratti,1,Connor Munro,FALSE,
MON14,NWJ10,DP20260615TO20260621,DSCF0047,2026-06-19,17:50,Green Acouchi,Myoprocta pratti,1,Connor Munro,FALSE,
MON14,NWJ10,DP20260615TO20260621,DSCF0049,2026-06-19,18:06,Green Acouchi,Myoprocta pratti,1,Connor Munro,FALSE,
MON14,NWJ10,DP20260615TO20260621,DSCF0050,2026-06-19,18:06,Green Acouchi,Myoprocta pratti,1,Connor Munro,FALSE,
MON14,NWJ10,DP20260615TO20260621,DSCF0051,2026-06-19,23:42,Lowland Paca,Cuniculus paca,1,Connor Munro,FALSE,
MON14,NWJ10,DP20260615TO20260621,DSCF0053,2026-06-20,13:52,Green Acouchi,Myoprocta pratti,1,Connor Munro,FALSE,
MON14,NWJ10,DP20260615TO20260621,DSCF0055,2026-06-20,17:43,Little Tinamou,Crypturellus soui,1,Connor Munro,TRUE,
MON14,NWJ10,DP20260615TO20260621,DSCF0056,2026-06-20,17:43,Little Tinamou,Crypturellus soui,1,Connor Munro,TRUE,^
MON14,NWJ10,DP20260615TO20260621,DSCF0057,2026-06-21,6:51,Green Acouchi,Myoprocta pratti,1,Connor Munro,FALSE,
MON14,NWJ10,DP20260615TO20260621,DSCF0058,2026-06-21,10:29,Green Acouchi,Myoprocta pratti,1,Connor Munro,FALSE,
MON15,NWJ02,DP20260615TO20260621,DSCF0012,2026-06-19,10:14,Pale-winged Trumpeter,Psophia leucoptera,1,Connor Munro,FALSE,
MON16,NWJ17,DP20260615TO20260621,DSCF0001,2026-06-15,20:59,Nine-banded armadillo,Dasypus novemcinctus,1,Connor Munro,FALSE,
MON16,NWJ17,DP20260615TO20260621,DSCF0003,2026-06-16,6:03,Puma,Puma concolor,1,Connor Munro,FALSE,
MON16,NWJ17,DP20260615TO20260621,DSCF0006,2026-06-17,8:33,Grey-Winged Trumpeter,Psophia crepitans,2,Connor Munro,FALSE,
MON16,NWJ17,DP20260615TO20260621,DSCF0008,2026-06-18,3:06,Common Black-eared Opossum,Didelphis marsupialis,1,Connor Munro,FALSE,
MON16,NWJ17,DP20260615TO20260621,DSCF0009,2026-06-18,6:47,Green Acouchi,Myoprocta pratti,1,Connor Munro,FALSE,
MON16,NWJ17,DP20260615TO20260621,DSCF0010,2026-06-18,8:13,Green Acouchi,Myoprocta pratti,1,Connor Munro,FALSE,
MON16,NWJ17,DP20260615TO20260621,DSCF0013,2026-06-18,23:19,Common Black-eared Opossum,Didelphis marsupialis,1,Connor Munro,FALSE,
MON16,NWJ17,DP20260615TO20260621,DSCF0014,2026-06-20,0:35,Nine-banded armadillo,Dasypus novemcinctus,1,Connor Munro,FALSE,
MON16,NWJ17,DP20260615TO20260621,DSCF0015,2026-06-20,7:37,Grey-Winged Trumpeter,Psophia crepitans,4,Connor Munro,FALSE,
MON16,NWJ17,DP20260615TO20260621,DSCF0016,2026-06-20,7:38,Grey-Winged Trumpeter,Psophia crepitans,2,Connor Munro,FALSE,
MON17,NWJ18,DP20260615TO20260621,DSCF0006,2026-06-16,7:34,Grey-Winged Trumpeter,Psophia crepitans,3,Connor Munro,FALSE,
MON18,NWJ14,DP20260615TO20260621,DSCF0002,2026-06-17,6:59,Grey-Winged Trumpeter,Psophia crepitans,4,Connor Munro,FALSE,
MON18,NWJ14,DP20260615TO20260621,DSCF0004,2026-06-21,3:08,Mouse,N/A,1,Connor Munro,TRUE,
MON18,NWJ14,DP20260615TO20260621,DSCF0005,2026-06-21,4:02,Mouse,N/A,3,Connor Munro,FALSE,possibly accouchis w/baby
MON19,NWJ04,DP20260615TO20260621,DSCF0005,2026-06-15,21:25,Nine-banded armadillo,Dasypus novemcinctus,1,Connor Munro,FALSE,
MON19,NWJ04,DP20260615TO20260621,DSCF0006,2026-06-16,10:00,Black Agouti,Dasyprocta fuliginosa,1,Connor Munro,FALSE,
MON19,NWJ04,DP20260615TO20260621,DSCF0007,2026-06-16,17:57,Black Agouti,Dasyprocta fuliginosa,1,Connor Munro,FALSE,
MON19,NWJ04,DP20260615TO20260621,DSCF0009,2026-06-17,15:28,Black Agouti,Dasyprocta fuliginosa,1,Connor Munro,FALSE,
MON19,NWJ04,DP20260615TO20260621,DSCF0010,2026-06-17,16:18,Lizard,N/A,1,Connor Munro,TRUE,
MON19,NWJ04,DP20260615TO20260621,DSCF0011,2026-06-17,16:33,Ocelot,Leopardus pardalis,1,Connor Munro,FALSE,
MON19,NWJ04,DP20260615TO20260621,DSCF0012,2026-06-17,16:33,Ocelot,Leopardus pardalis,1,Connor Munro,FALSE,
MON19,NWJ04,DP20260615TO20260621,DSCF0013,2026-06-17,16:33,Ocelot,Leopardus pardalis,1,Connor Munro,FALSE,
MON19,NWJ04,DP20260615TO20260621,DSCF0014,2026-06-18,6:14,Black Agouti,Dasyprocta fuliginosa,1,Connor Munro,FALSE,
MON19,NWJ04,DP20260615TO20260621,DSCF0015,2026-06-19,6:04,Black Agouti,Dasyprocta fuliginosa,1,Connor Munro,FALSE,
MON19,NWJ04,DP20260615TO20260621,DSCF0016,2026-06-19,6:04,Black Agouti,Dasyprocta fuliginosa,1,Connor Munro,FALSE,
MON19,NWJ04,DP20260615TO20260621,DSCF0017,2026-06-20,8:10,Black Agouti,Dasyprocta fuliginosa,1,Connor Munro,FALSE,
MON19,NWJ04,DP20260615TO20260621,DSCF0018,2026-06-20,8:11,Black Agouti,Dasyprocta fuliginosa,1,Connor Munro,FALSE,
MON19,NWJ04,DP20260615TO20260621,DSCF0019,2026-06-20,8:11,Black Agouti,Dasyprocta fuliginosa,1,Connor Munro,FALSE,
MON19,NWJ04,DP20260615TO20260621,DSCF0020,2026-06-20,8:11,Black Agouti,Dasyprocta fuliginosa,1,Connor Munro,FALSE,
MON19,NWJ04,DP20260615TO20260621,DSCF0021,2026-06-20,8:11,Black Agouti,Dasyprocta fuliginosa,1,Connor Munro,FALSE,
MON19,NWJ04,DP20260615TO20260621,DSCF0022,2026-06-20,8:12,Black Agouti,Dasyprocta fuliginosa,1,Connor Munro,FALSE,
MON19,NWJ04,DP20260615TO20260621,DSCF0023,2026-06-20,8:12,Black Agouti,Dasyprocta fuliginosa,1,Connor Munro,FALSE,
MON19,NWJ04,DP20260615TO20260621,DSCF0024,2026-06-20,8:12,Black Agouti,Dasyprocta fuliginosa,1,Connor Munro,FALSE,
MON19,NWJ04,DP20260615TO20260621,DSCF0025,2026-06-20,8:13,Black Agouti,Dasyprocta fuliginosa,1,Connor Munro,FALSE,
MON19,NWJ04,DP20260615TO20260621,DSCF0026,2026-06-20,8:13,Black Agouti,Dasyprocta fuliginosa,1,Connor Munro,FALSE,
MON19,NWJ04,DP20260615TO20260621,DSCF0027,2026-06-20,8:14,Black Agouti,Dasyprocta fuliginosa,1,Connor Munro,FALSE,
MON19,NWJ04,DP20260615TO20260621,DSCF0028,2026-06-20,8:14,Black Agouti,Dasyprocta fuliginosa,1,Connor Munro,FALSE,
MON19,NWJ04,DP20260615TO20260621,DSCF0029,2026-06-20,8:14,Black Agouti,Dasyprocta fuliginosa,1,Connor Munro,FALSE,
MON19,NWJ04,DP20260615TO20260621,DSCF0030,2026-06-20,8:14,Black Agouti,Dasyprocta fuliginosa,1,Connor Munro,FALSE,
MON19,NWJ04,DP20260615TO20260621,DSCF0031,2026-06-20,8:15,Black Agouti,Dasyprocta fuliginosa,1,Connor Munro,FALSE,
MON19,NWJ04,DP20260615TO20260621,DSCF0032,2026-06-20,8:16,Black Agouti,Dasyprocta fuliginosa,1,Connor Munro,FALSE,
MON19,NWJ04,DP20260615TO20260621,DSCF0033,2026-06-20,8:16,Black Agouti,Dasyprocta fuliginosa,1,Connor Munro,FALSE,
MON19,NWJ04,DP20260615TO20260621,DSCF0034,2026-06-20,8:17,Black Agouti,Dasyprocta fuliginosa,1,Connor Munro,FALSE,
MON19,NWJ04,DP20260615TO20260621,DSCF0035,2026-06-20,11:29,Black Agouti,Dasyprocta fuliginosa,1,Connor Munro,FALSE,
MON20,NWJ03,DP20260615TO20260621,DSCF0006,2026-06-16,18:07,Black Agouti,Dasyprocta fuliginosa,1,Connor Munro,FALSE,
MON20,NWJ03,DP20260615TO20260621,DSCF0007,2026-06-16,19:58,Lowland Paca,Cuniculus paca,1,Connor Munro,FALSE,
MON20,NWJ03,DP20260615TO20260621,DSCF0009,2026-06-17,0:35,Mouse,N/A,1,Connor Munro,TRUE,
MON20,NWJ03,DP20260615TO20260621,DSCF0010,2026-06-17,9:01,Black Agouti,Dasyprocta fuliginosa,1,Connor Munro,FALSE,
MON20,NWJ03,DP20260615TO20260621,DSCF0013,2026-06-18,6:07,Black Agouti,Dasyprocta fuliginosa,1,Connor Munro,FALSE,
MON20,NWJ03,DP20260615TO20260621,DSCF0014,2026-06-18,6:08,Black Agouti,Dasyprocta fuliginosa,1,Connor Munro,FALSE,
MON20,NWJ03,DP20260615TO20260621,DSCF0015,2026-06-18,8:19,Black Agouti,Dasyprocta fuliginosa,1,Connor Munro,FALSE,
MON20,NWJ03,DP20260615TO20260621,DSCF0017,2026-06-18,9:05,Black Agouti,Dasyprocta fuliginosa,1,Connor Munro,FALSE,
MON20,NWJ03,DP20260615TO20260621,DSCF0018,2026-06-19,4:31,Mouse,N/A,1,Connor Munro,TRUE,
MON20,NWJ03,DP20260615TO20260621,DSCF0019,2026-06-19,6:00,Black Agouti,Dasyprocta fuliginosa,1,Connor Munro,FALSE,
MON20,NWJ03,DP20260615TO20260621,DSCF0023,2026-06-21,2:10,Lowland Paca,Cuniculus paca,1,Connor Munro,FALSE,
MON20,NWJ03,DP20260615TO20260621,DSCF0024,2026-06-21,3:48,Mouse,N/A,1,Connor Munro,FALSE,
MON20,NWJ03,DP20260615TO20260621,DSCF0026,2026-06-21,9:39,Black Agouti,Dasyprocta fuliginosa,1,Connor Munro,FALSE,
MON20,NWJ03,DP20260615TO20260621,DSCF0027,2026-06-21,9:39,Black Agouti,Dasyprocta fuliginosa,1,Connor Munro,FALSE,
MON01,NWJ20,DP20260621TO20260628,DSCF0008,6/21/2026,13:16,Green Acouchi,Myoprocta pratti,1,Connor Munro,FALSE,
MON01,NWJ20,DP20260621TO20260628,DSCF0011,6/21/2026,15:58,Pale-winged Trumpeter,Psophia leucoptera,1,Connor Munro,FALSE,
MON01,NWJ20,DP20260621TO20260628,DSCF0012,6/21/2026,15:58,Pale-winged Trumpeter,Psophia leucoptera,2,Connor Munro,FALSE,
MON01,NWJ20,DP20260621TO20260628,DSCF0013,6/21/2026,15:58,Pale-winged Trumpeter,Psophia leucoptera,3,Connor Munro,FALSE,
MON01,NWJ20,DP20260621TO20260628,DSCF0014,6/21/2026,15:58,Pale-winged Trumpeter,Psophia leucoptera,3,Connor Munro,FALSE,
MON01,NWJ20,DP20260621TO20260628,DSCF0015,6/21/2026,17:24,Pale-winged Trumpeter,Psophia leucoptera,1,Connor Munro,FALSE,
MON01,NWJ20,DP20260621TO20260628,DSCF0016,6/21/2026,17:24,Pale-winged Trumpeter,Psophia leucoptera,1,Connor Munro,TRUE,possibly 2
MON01,NWJ20,DP20260621TO20260628,DSCF0021,6/21/2026,17:44,Green Acouchi,Myoprocta pratti,1,Connor Munro,FALSE,
MON01,NWJ20,DP20260621TO20260628,DSCF0022,6/21/2026,17:45,Green Acouchi,Myoprocta pratti,1,Connor Munro,FALSE,
MON01,NWJ20,DP20260621TO20260628,DSCF0023,6/21/2026,17:46,Green Acouchi,Myoprocta pratti,1,Connor Munro,FALSE,
MON01,NWJ20,DP20260621TO20260628,DSCF0024,6/21/2026,17:46,Green Acouchi,Myoprocta pratti,1,Connor Munro,FALSE,
MON01,NWJ20,DP20260621TO20260628,DSCF0027,6/22/2026,6:33,Pale-winged Trumpeter,Psophia leucoptera,4,Connor Munro,FALSE,
MON01,NWJ20,DP20260621TO20260628,DSCF0028,6/22/2026,6:33,Pale-winged Trumpeter,Psophia leucoptera,4,Connor Munro,FALSE,
MON01,NWJ20,DP20260621TO20260628,DSCF0029,6/22/2026,6:33,Pale-winged Trumpeter,Psophia leucoptera,3,Connor Munro,FALSE,
MON01,NWJ20,DP20260621TO20260628,DSCF0030,6/22/2026,6:33,Pale-winged Trumpeter,Psophia leucoptera,3,Connor Munro,FALSE,
MON01,NWJ20,DP20260621TO20260628,DSCF0031,6/22/2026,6:34,Pale-winged Trumpeter,Psophia leucoptera,3,Connor Munro,FALSE,
MON01,NWJ20,DP20260621TO20260628,DSCF0032,6/22/2026,6:34,Pale-winged Trumpeter,Psophia leucoptera,2,Connor Munro,FALSE,
MON01,NWJ20,DP20260621TO20260628,DSCF0033,6/22/2026,6:34,Pale-winged Trumpeter,Psophia leucoptera,1,Connor Munro,FALSE,
MON01,NWJ20,DP20260621TO20260628,DSCF0034,6/22/2026,6:35,Pale-winged Trumpeter,Psophia leucoptera,1,Connor Munro,FALSE,
MON01,NWJ20,DP20260621TO20260628,DSCF0035,6/22/2026,6:35,Pale-winged Trumpeter,Psophia leucoptera,1,Connor Munro,FALSE,
MON01,NWJ20,DP20260621TO20260628,DSCF0036,6/22/2026,6:35,Pale-winged Trumpeter,Psophia leucoptera,1,Connor Munro,FALSE,
MON01,NWJ20,DP20260621TO20260628,DSCF0038,6/22/2026,7:10,Green Acouchi,Myoprocta pratti,1,Connor Munro,FALSE,
MON01,NWJ20,DP20260621TO20260628,DSCF0039,6/22/2026,7:11,Green Acouchi,Myoprocta pratti,1,Connor Munro,FALSE,
MON01,NWJ20,DP20260621TO20260628,DSCF0040,6/22/2026,15:52,Green Acouchi,Myoprocta pratti,1,Connor Munro,FALSE,
MON01,NWJ20,DP20260621TO20260628,DSCF0043,6/22/2026,17:26,Pale-winged Trumpeter,Psophia leucoptera,2,Connor Munro,FALSE,
MON01,NWJ20,DP20260621TO20260628,DSCF0044,6/22/2026,17:26,Pale-winged Trumpeter,Psophia leucoptera,2,Connor Munro,FALSE,
MON01,NWJ20,DP20260621TO20260628,DSCF0045,6/22/2026,17:26,Pale-winged Trumpeter,Psophia leucoptera,2,Connor Munro,FALSE,
MON01,NWJ20,DP20260621TO20260628,DSCF0046,6/22/2026,17:26,Pale-winged Trumpeter,Psophia leucoptera,2,Connor Munro,FALSE,
MON01,NWJ20,DP20260621TO20260628,DSCF0047,6/22/2026,17:26,Pale-winged Trumpeter,Psophia leucoptera,3,Connor Munro,FALSE,
MON01,NWJ20,DP20260621TO20260628,DSCF0048,6/22/2026,17:53,Green Acouchi,Myoprocta pratti,1,Connor Munro,FALSE,
MON01,NWJ20,DP20260621TO20260628,DSCF0049,6/22/2026,17:53,Green Acouchi,Myoprocta pratti,1,Connor Munro,FALSE,
MON01,NWJ20,DP20260621TO20260628,DSCF0050,6/22/2026,17:54,Green Acouchi,Myoprocta pratti,1,Connor Munro,FALSE,
MON01,NWJ20,DP20260621TO20260628,DSCF0051,6/22/2026,17:54,Green Acouchi,Myoprocta pratti,1,Connor Munro,FALSE,
MON01,NWJ20,DP20260621TO20260628,DSCF0052,6/22/2026,17:59,Green Acouchi,Myoprocta pratti,1,Connor Munro,FALSE,
MON01,NWJ20,DP20260621TO20260628,DSCF0053,6/22/2026,17:59,Green Acouchi,Myoprocta pratti,1,Connor Munro,FALSE,
MON01,NWJ20,DP20260621TO20260628,DSCF0054,6/22/2026,17:59,Green Acouchi,Myoprocta pratti,1,Connor Munro,FALSE,
MON01,NWJ20,DP20260621TO20260628,DSCF0055,6/22/2026,18:00,Green Acouchi,Myoprocta pratti,1,Connor Munro,FALSE,
MON01,NWJ20,DP20260621TO20260628,DSCF0058,6/22/2026,18:05,Green Acouchi,Myoprocta pratti,1,Connor Munro,FALSE,
MON01,NWJ20,DP20260621TO20260628,DSCF0061,6/23/2026,14:08,Pale-winged Trumpeter,Psophia leucoptera,1,Connor Munro,FALSE,
MON01,NWJ20,DP20260621TO20260628,DSCF0062,6/23/2026,14:09,Pale-winged Trumpeter,Psophia leucoptera,2,Connor Munro,FALSE,
MON01,NWJ20,DP20260621TO20260628,DSCF0063,6/23/2026,14:09,Pale-winged Trumpeter,Psophia leucoptera,2,Connor Munro,FALSE,
MON01,NWJ20,DP20260621TO20260628,DSCF0064,6/23/2026,14:10,Pale-winged Trumpeter,Psophia leucoptera,2,Connor Munro,FALSE,
MON01,NWJ20,DP20260621TO20260628,DSCF0065,6/23/2026,14:10,Pale-winged Trumpeter,Psophia leucoptera,2,Connor Munro,FALSE,
MON01,NWJ20,DP20260621TO20260628,DSCF0066,6/23/2026,14:11,Pale-winged Trumpeter,Psophia leucoptera,2,Connor Munro,FALSE,
MON01,NWJ20,DP20260621TO20260628,DSCF0067,6/23/2026,14:11,Pale-winged Trumpeter,Psophia leucoptera,1,Connor Munro,FALSE,
MON01,NWJ20,DP20260621TO20260628,DSCF0068,6/23/2026,14:11,Pale-winged Trumpeter,Psophia leucoptera,3,Connor Munro,TRUE,possibly 2
MON01,NWJ20,DP20260621TO20260628,DSCF0069,6/23/2026,14:12,Pale-winged Trumpeter,Psophia leucoptera,2,Connor Munro,FALSE,
MON01,NWJ20,DP20260621TO20260628,DSCF0070,6/23/2026,14:13,Pale-winged Trumpeter,Psophia leucoptera,2,Connor Munro,FALSE,
MON01,NWJ20,DP20260621TO20260628,DSCF0071,6/23/2026,14:13,Pale-winged Trumpeter,Psophia leucoptera,2,Connor Munro,FALSE,
MON01,NWJ20,DP20260621TO20260628,DSCF0072,6/23/2026,14:15,Pale-winged Trumpeter,Psophia leucoptera,1,Connor Munro,FALSE,
MON01,NWJ20,DP20260621TO20260628,DSCF0073,6/23/2026,14:27,Pale-winged Trumpeter,Psophia leucoptera,2,Connor Munro,FALSE,
MON01,NWJ20,DP20260621TO20260628,DSCF0074,6/23/2026,15:27,Pale-winged Trumpeter,Psophia leucoptera,1,Connor Munro,FALSE,
MON01,NWJ20,DP20260621TO20260628,DSCF0075,6/23/2026,16:53,Pale-winged Trumpeter,Psophia leucoptera,2,Connor Munro,FALSE,
MON01,NWJ20,DP20260621TO20260628,DSCF0076,6/23/2026,16:56,Green Acouchi,Myoprocta pratti,1,Connor Munro,FALSE,^ two species
MON01,NWJ20,DP20260621TO20260628,DSCF0076,6/23/2026,16:56,Pale-winged Trumpeter,Psophia leucoptera,1,Connor Munro,FALSE,
MON01,NWJ20,DP20260621TO20260628,DSCF0077,6/23/2026,16:58,Green Acouchi,Myoprocta pratti,1,Connor Munro,FALSE,
MON01,NWJ20,DP20260621TO20260628,DSCF0078,6/23/2026,17:02,Green Acouchi,Myoprocta pratti,1,Connor Munro,FALSE,
MON01,NWJ20,DP20260621TO20260628,DSCF0079,6/23/2026,17:05,Green Acouchi,Myoprocta pratti,1,Connor Munro,FALSE,
MON01,NWJ20,DP20260621TO20260628,DSCF0080,6/23/2026,18:03,Pale-winged Trumpeter,Psophia leucoptera,1,Connor Munro,FALSE,
MON01,NWJ20,DP20260621TO20260628,DSCF0081,6/23/2026,18:03,Pale-winged Trumpeter,Psophia leucoptera,1,Connor Munro,FALSE,
MON01,NWJ20,DP20260621TO20260628,DSCF0085,6/23/2026,18:05,Green Acouchi,Myoprocta pratti,1,Connor Munro,FALSE,
MON01,NWJ20,DP20260621TO20260628,DSCF0086,6/23/2026,18:05,Green Acouchi,Myoprocta pratti,1,Connor Munro,FALSE,
MON01,NWJ20,DP20260621TO20260628,DSCF0087,6/23/2026,18:07,Green Acouchi,Myoprocta pratti,1,Connor Munro,FALSE,
MON01,NWJ20,DP20260621TO20260628,DSCF0088,6/24/2026,6:01,Pale-winged Trumpeter,Psophia leucoptera,3,Connor Munro,FALSE,
MON01,NWJ20,DP20260621TO20260628,DSCF0089,6/24/2026,6:01,Pale-winged Trumpeter,Psophia leucoptera,3,Connor Munro,FALSE,
MON01,NWJ20,DP20260621TO20260628,DSCF0090,6/24/2026,6:01,Pale-winged Trumpeter,Psophia leucoptera,2,Connor Munro,FALSE,
MON01,NWJ20,DP20260621TO20260628,DSCF0092,6/24/2026,17:26,Green Acouchi,Myoprocta pratti,1,Connor Munro,FALSE,
MON01,NWJ20,DP20260621TO20260628,DSCF0093,6/24/2026,17:26,Green Acouchi,Myoprocta pratti,1,Connor Munro,FALSE,
MON01,NWJ20,DP20260621TO20260628,DSCF0094,6/24/2026,17:27,Green Acouchi,Myoprocta pratti,1,Connor Munro,FALSE,
MON01,NWJ20,DP20260621TO20260628,DSCF0095,6/24/2026,17:27,Green Acouchi,Myoprocta pratti,1,Connor Munro,FALSE,
MON01,NWJ20,DP20260621TO20260628,DSCF0096,6/24/2026,17:32,Green Acouchi,Myoprocta pratti,1,Connor Munro,FALSE,
MON01,NWJ20,DP20260621TO20260628,DSCF0102,6/25/2026,8:04,Northern Amazon Red Squirrel,Hadrosciurus igniventris,1,Connor Munro,FALSE,
MON01,NWJ20,DP20260621TO20260628,DSCF0106,6/25/2026,13:00,Pale-winged Trumpeter,Psophia leucoptera,1,Connor Munro,FALSE,
MON01,NWJ20,DP20260621TO20260628,DSCF0107,6/25/2026,13:00,Pale-winged Trumpeter,Psophia leucoptera,2,Connor Munro,FALSE,
MON01,NWJ20,DP20260621TO20260628,DSCF0108,6/25/2026,13:00,Pale-winged Trumpeter,Psophia leucoptera,2,Connor Munro,FALSE,
MON01,NWJ20,DP20260621TO20260628,DSCF0109,6/25/2026,13:00,Pale-winged Trumpeter,Psophia leucoptera,1,Connor Munro,FALSE,
MON01,NWJ20,DP20260621TO20260628,DSCF0110,6/25/2026,13:01,Pale-winged Trumpeter,Psophia leucoptera,1,Connor Munro,FALSE,
MON01,NWJ20,DP20260621TO20260628,DSCF0111,6/25/2026,13:01,Pale-winged Trumpeter,Psophia leucoptera,2,Connor Munro,FALSE,
MON01,NWJ20,DP20260621TO20260628,DSCF0112,6/25/2026,13:02,Pale-winged Trumpeter,Psophia leucoptera,3,Connor Munro,FALSE,
MON01,NWJ20,DP20260621TO20260628,DSCF0113,6/25/2026,13:02,Pale-winged Trumpeter,Psophia leucoptera,2,Connor Munro,FALSE,
MON01,NWJ20,DP20260621TO20260628,DSCF0114,6/25/2026,18:02,Green Acouchi,Myoprocta pratti,1,Connor Munro,FALSE,
MON01,NWJ20,DP20260621TO20260628,DSCF0115,6/25/2026,18:03,Green Acouchi,Myoprocta pratti,1,Connor Munro,FALSE,
MON01,NWJ20,DP20260621TO20260628,DSCF0117,6/25/2026,18:05,Green Acouchi,Myoprocta pratti,1,Connor Munro,FALSE,
MON01,NWJ20,DP20260621TO20260628,DSCF0121,6/25/2026,18:08,Green Acouchi,Myoprocta pratti,1,Connor Munro,FALSE,
MON01,NWJ20,DP20260621TO20260628,DSCF0122,6/25/2026,18:08,Green Acouchi,Myoprocta pratti,1,Connor Munro,FALSE,
MON01,NWJ20,DP20260621TO20260628,DSCF0123,6/25/2026,18:11,Green Acouchi,Myoprocta pratti,1,Connor Munro,FALSE,
MON01,NWJ20,DP20260621TO20260628,DSCF0124,6/26/2026,1:13,nine-banded armadillo,Dasypus novemcinctus,1,Connor Munro,FALSE,
MON01,NWJ20,DP20260621TO20260628,DSCF0125,6/26/2026,1:15,nine-banded armadillo,Dasypus novemcinctus,1,Connor Munro,FALSE,
MON01,NWJ20,DP20260621TO20260628,DSCF0126,6/26/2026,6:53,Green Acouchi,Myoprocta pratti,1,Connor Munro,FALSE,
MON01,NWJ20,DP20260621TO20260628,DSCF0127,6/26/2026,6:53,Green Acouchi,Myoprocta pratti,1,Connor Munro,FALSE,
MON01,NWJ20,DP20260621TO20260628,DSCF0128,6/26/2026,6:56,Green Acouchi,Myoprocta pratti,1,Connor Munro,FALSE,
MON01,NWJ20,DP20260621TO20260628,DSCF0129,6/26/2026,6:56,Green Acouchi,Myoprocta pratti,1,Connor Munro,FALSE,
MON01,NWJ20,DP20260621TO20260628,DSCF0131,6/26/2026,14:06,Green Acouchi,Myoprocta pratti,1,Connor Munro,FALSE,
MON01,NWJ20,DP20260621TO20260628,DSCF0132,6/26/2026,14:10,Green Acouchi,Myoprocta pratti,1,Connor Munro,FALSE,
MON01,NWJ20,DP20260621TO20260628,DSCF0133,6/26/2026,14:13,Green Acouchi,Myoprocta pratti,1,Connor Munro,FALSE,
MON01,NWJ20,DP20260621TO20260628,DSCF0134,6/26/2026,14:18,Green Acouchi,Myoprocta pratti,1,Connor Munro,FALSE,
MON01,NWJ20,DP20260621TO20260628,DSCF0136,6/26/2026,14:21,Green Acouchi,Myoprocta pratti,1,Connor Munro,FALSE,
MON01,NWJ20,DP20260621TO20260628,DSCF0139,6/26/2026,14:35,Green Acouchi,Myoprocta pratti,1,Connor Munro,FALSE,
MON01,NWJ20,DP20260621TO20260628,DSCF0140,6/26/2026,16:28,Pale-winged Trumpeter,Psophia leucoptera,2,Connor Munro,FALSE,
MON01,NWJ20,DP20260621TO20260628,DSCF0141,6/26/2026,16:28,Pale-winged Trumpeter,Psophia leucoptera,2,Connor Munro,FALSE,
MON01,NWJ20,DP20260621TO20260628,DSCF0142,6/26/2026,16:28,Pale-winged Trumpeter,Psophia leucoptera,2,Connor Munro,FALSE,
MON01,NWJ20,DP20260621TO20260628,DSCF0143,6/26/2026,16:29,Pale-winged Trumpeter,Psophia leucoptera,2,Connor Munro,FALSE,
MON01,NWJ20,DP20260621TO20260628,DSCF0146,6/26/2026,18:08,Green Acouchi,Myoprocta pratti,1,Connor Munro,FALSE,
MON01,NWJ20,DP20260621TO20260628,DSCF0147,6/27/2026,6:56,Green Acouchi,Myoprocta pratti,1,Connor Munro,FALSE,
MON01,NWJ20,DP20260621TO20260628,DSCF0148,6/27/2026,16:40,Pale-winged Trumpeter,Psophia leucoptera,2,Connor Munro,FALSE,
MON01,NWJ20,DP20260621TO20260628,DSCF0149,6/27/2026,16:40,Pale-winged Trumpeter,Psophia leucoptera,2,Connor Munro,FALSE,
MON01,NWJ20,DP20260621TO20260628,DSCF0150,6/27/2026,18:09,Green Acouchi,Myoprocta pratti,1,Connor Munro,FALSE,
MON01,NWJ20,DP20260621TO20260628,DSCF0152,6/27/2026,18:10,Green Acouchi,Myoprocta pratti,1,Connor Munro,FALSE,
MON01,NWJ20,DP20260621TO20260628,DSCF0153,6/27/2026,18:11,Green Acouchi,Myoprocta pratti,1,Connor Munro,FALSE,
MON01,NWJ20,DP20260621TO20260628,DSCF0154,6/27/2026,18:11,Green Acouchi,Myoprocta pratti,1,Connor Munro,FALSE,
MON02,NWJ01,DP20260621TO20260628,DSCF0001,6/21/2026,8:08,Black Agouti,Dasyprocta fuliginosa,1,Connor Munro,FALSE,
MON02,NWJ01,DP20260621TO20260628,DSCF0002,6/24/2026,17:38,Little Tinamou,Crypturellus soui,1,Connor Munro,TRUE,not 100% sure
MON02,NWJ01,DP20260621TO20260628,DSCF0003,6/25/2026,0:18,Mouse,N/A,1,Connor Munro,TRUE,
MON02,NWJ01,DP20260621TO20260628,DSCF0004,6/25/2026,1:12,Mouse,N/A,1,Connor Munro,FALSE,
MON02,NWJ01,DP20260621TO20260628,DSCF0006,6/27/2026,6:36,Collared Pecary,Dicotyles tajacu,1,Connor Munro,FALSE,
MON02,NWJ01,DP20260621TO20260628,DSCF0007,6/27/2026,7:25,Black Agouti,Dasyprocta fuliginosa,2,Connor Munro,FALSE,
MON02,NWJ01,DP20260621TO20260628,DSCF0008,6/27/2026,7:25,Black Agouti,Dasyprocta fuliginosa,2,Connor Munro,FALSE,
MON02,NWJ01,DP20260621TO20260628,DSCF0009,6/28/2026,4:50,American Red Brocket,Mazama americana,1,Connor Munro,FALSE,
MON03,NWJ15,DP20260621TO20260628,DSCF0004,6/21/2026,10:16,Northern Amazon Red Squirrel,Hadrosciurus igniventris,1,Connor Munro,FALSE,
MON03,NWJ15,DP20260621TO20260628,DSCF0005,6/23/2026,0:42,Mouse,N/A,1,Connor Munro,TRUE,
MON03,NWJ15,DP20260621TO20260628,DSCF0007,6/25/2026,3:22,Nine-banded armadillo,Dasypus novemcinctus,1,Connor Munro,FALSE,
MON03,NWJ15,DP20260621TO20260628,DSCF0008,6/25/2026,3:23,Lowland Paca,Cuniculus paca,1,Connor Munro,FALSE,
MON03,NWJ15,DP20260621TO20260628,DSCF0009,6/27/2026,8:21,Southern Tamandua,Tamandua tetradactyla,2,Connor Munro,FALSE,Back rider
MON03,NWJ15,DP20260621TO20260628,DSCF0010,6/27/2026,8:21,Southern Tamandua,Tamandua tetradactyla,2,Connor Munro,FALSE,
MON04,NWJ11,DP20260621TO20260628,DSCF0002,6/21/2026,17:57,Green Acouchi,Myoprocta pratti,1,Connor Munro,FALSE,
MON04,NWJ11,DP20260621TO20260628,DSCF0003,6/21/2026,18:06,Green Acouchi,Myoprocta pratti,1,Connor Munro,FALSE,
MON04,NWJ11,DP20260621TO20260628,DSCF0004,6/21/2026,18:06,Green Acouchi,Myoprocta pratti,1,Connor Munro,FALSE,
MON04,NWJ11,DP20260621TO20260628,DSCF0005,6/21/2026,18:11,Green Acouchi,Myoprocta pratti,1,Connor Munro,FALSE,
MON04,NWJ11,DP20260621TO20260628,DSCF0007,6/22/2026,2:25,Ocelot,Leopardus pardalis,1,Connor Munro,FALSE,
MON04,NWJ11,DP20260621TO20260628,DSCF0008,6/22/2026,2:26,Ocelot,Leopardus pardalis,1,Connor Munro,FALSE,
MON04,NWJ11,DP20260621TO20260628,DSCF0009,6/22/2026,16:40,Nocturnal Curassow,Nothocrax urumutum,2,Connor Munro,FALSE,
MON04,NWJ11,DP20260621TO20260628,DSCF0010,6/22/2026,17:48,Nocturnal Curassow,Nothocrax urumutum,2,Connor Munro,FALSE,
MON04,NWJ11,DP20260621TO20260628,DSCF0011,6/22/2026,17:48,Nocturnal Curassow,Nothocrax urumutum,1,Connor Munro,FALSE,
MON04,NWJ11,DP20260621TO20260628,DSCF0012,6/23/2026,5:58,Nocturnal Curassow,Nothocrax urumutum,2,Connor Munro,FALSE,
MON04,NWJ11,DP20260621TO20260628,DSCF0013,6/23/2026,17:23,Green Acouchi,Myoprocta pratti,1,Connor Munro,FALSE,
MON04,NWJ11,DP20260621TO20260628,DSCF0014,6/24/2026,6:56,Green Acouchi,Myoprocta pratti,1,Connor Munro,TRUE,not 100% sure
MON04,NWJ11,DP20260621TO20260628,DSCF0015,6/24/2026,7:08,Green Acouchi,Myoprocta pratti,2,Connor Munro,FALSE,
MON04,NWJ11,DP20260621TO20260628,DSCF0016,6/24/2026,7:10,Green Acouchi,Myoprocta pratti,1,Connor Munro,FALSE,
MON04,NWJ11,DP20260621TO20260628,DSCF0017,6/24/2026,11:25,Green Acouchi,Myoprocta pratti,1,Connor Munro,FALSE,
MON04,NWJ11,DP20260621TO20260628,DSCF0018,6/24/2026,14:22,Mammal,N/A,1,Connor Munro,TRUE,
MON04,NWJ11,DP20260621TO20260628,DSCF0019,6/24/2026,18:11,Green Acouchi,Myoprocta pratti,1,Connor Munro,FALSE,
MON04,NWJ11,DP20260621TO20260628,DSCF0020,6/25/2026,18:24,Green Acouchi,Myoprocta pratti,1,Connor Munro,FALSE,
MON04,NWJ11,DP20260621TO20260628,DSCF0021,6/26/2026,18:00,Green Acouchi,Myoprocta pratti,1,Connor Munro,FALSE,
MON04,NWJ11,DP20260621TO20260628,DSCF0022,6/26/2026,18:01,Green Acouchi,Myoprocta pratti,1,Connor Munro,FALSE,
MON04,NWJ11,DP20260621TO20260628,DSCF0023,6/26/2026,18:09,Green Acouchi,Myoprocta pratti,1,Connor Munro,FALSE,
MON04,NWJ11,DP20260621TO20260628,DSCF0024,6/27/2026,18:21,Green Acouchi,Myoprocta pratti,1,Connor Munro,FALSE,
MON04,NWJ11,DP20260621TO20260628,DSCF0025,6/27/2026,18:22,Green Acouchi,Myoprocta pratti,1,Connor Munro,FALSE,
MON05,NWJ13,DP20260621TO20260628,DSCF0002,6/21/2026,16:09,Murelia Brown Brocket,Mazama nemorivaga,1,Connor Munro,FALSE,
MON05,NWJ13,DP20260621TO20260628,DSCF0003,6/21/2026,17:55,Salvin's Curassow,Mitu salvini,1,Connor Munro,FALSE,
MON05,NWJ13,DP20260621TO20260628,DSCF0004,6/21/2026,17:55,Salvin's Curassow,Mitu salvini,1,Connor Munro,FALSE,
MON05,NWJ13,DP20260621TO20260628,DSCF0005,6/21/2026,17:56,Salvin's Curassow,Mitu salvini,2,Connor Munro,FALSE,
MON05,NWJ13,DP20260621TO20260628,DSCF0006,6/21/2026,17:56,Salvin's Curassow,Mitu salvini,3,Connor Munro,FALSE,
MON05,NWJ13,DP20260621TO20260628,DSCF0007,6/21/2026,17:56,Salvin's Curassow,Mitu salvini,3,Connor Munro,FALSE,
MON05,NWJ13,DP20260621TO20260628,DSCF0008,6/21/2026,17:56,Salvin's Curassow,Mitu salvini,3,Connor Munro,FALSE,
MON05,NWJ13,DP20260621TO20260628,DSCF0009,6/21/2026,17:57,Salvin's Curassow,Mitu salvini,3,Connor Munro,FALSE,
MON05,NWJ13,DP20260621TO20260628,DSCF0010,6/21/2026,17:57,Salvin's Curassow,Mitu salvini,3,Connor Munro,FALSE,
MON05,NWJ13,DP20260621TO20260628,DSCF0011,6/21/2026,17:57,Salvin's Curassow,Mitu salvini,3,Connor Munro,FALSE,
MON05,NWJ13,DP20260621TO20260628,DSCF0012,6/21/2026,17:57,Salvin's Curassow,Mitu salvini,3,Connor Munro,FALSE,
MON05,NWJ13,DP20260621TO20260628,DSCF0013,6/21/2026,17:57,Salvin's Curassow,Mitu salvini,3,Connor Munro,FALSE,
MON05,NWJ13,DP20260621TO20260628,DSCF0014,6/21/2026,17:58,Salvin's Curassow,Mitu salvini,3,Connor Munro,FALSE,
MON05,NWJ13,DP20260621TO20260628,DSCF0015,6/21/2026,17:58,Salvin's Curassow,Mitu salvini,3,Connor Munro,FALSE,
MON05,NWJ13,DP20260621TO20260628,DSCF0016,6/21/2026,17:59,Salvin's Curassow,Mitu salvini,3,Connor Munro,FALSE,
MON05,NWJ13,DP20260621TO20260628,DSCF0017,6/21/2026,18:00,Salvin's Curassow,Mitu salvini,3,Connor Munro,FALSE,
MON05,NWJ13,DP20260621TO20260628,DSCF0018,6/21/2026,18:00,Salvin's Curassow,Mitu salvini,3,Connor Munro,FALSE,
MON05,NWJ13,DP20260621TO20260628,DSCF0019,6/21/2026,18:03,Green Acouchi,Myoprocta pratti,1,Connor Munro,FALSE,
MON05,NWJ13,DP20260621TO20260628,DSCF0020,6/24/2026,17:56,Pale-winged Trumpeter,Psophia leucoptera,1,Connor Munro,FALSE,
MON05,NWJ13,DP20260621TO20260628,DSCF0021,6/24/2026,17:58,Pale-winged Trumpeter,Psophia leucoptera,1,Connor Munro,FALSE,
MON05,NWJ13,DP20260621TO20260628,DSCF0022,6/24/2026,18:13,Pale-winged Trumpeter,Psophia leucoptera,1,Connor Munro,FALSE,
MON05,NWJ13,DP20260621TO20260628,DSCF0023,6/24/2026,18:13,Pale-winged Trumpeter,Psophia leucoptera,1,Connor Munro,FALSE,
MON05,NWJ13,DP20260621TO20260628,DSCF0024,6/24/2026,18:15,Pale-winged Trumpeter,Psophia leucoptera,1,Connor Munro,FALSE,
MON05,NWJ13,DP20260621TO20260628,DSCF0027,6/25/2026,6:11,Pale-winged Trumpeter,Psophia leucoptera,1,Connor Munro,FALSE,
MON05,NWJ13,DP20260621TO20260628,DSCF0028,6/25/2026,14:05,Collared Pecary,Dicotyles tajacu,2,Connor Munro,FALSE,
MON05,NWJ13,DP20260621TO20260628,DSCF0029,6/25/2026,14:05,Collared Pecary,Dicotyles tajacu,1,Connor Munro,FALSE,
MON05,NWJ13,DP20260621TO20260628,DSCF0030,6/25/2026,14:05,Collared Pecary,Dicotyles tajacu,1,Connor Munro,FALSE,
MON05,NWJ13,DP20260621TO20260628,DSCF0031,6/25/2026,14:06,Collared Pecary,Dicotyles tajacu,2,Connor Munro,FALSE,
MON05,NWJ13,DP20260621TO20260628,DSCF0032,6/25/2026,14:06,Collared Pecary,Dicotyles tajacu,2,Connor Munro,FALSE,
MON05,NWJ13,DP20260621TO20260628,DSCF0033,6/25/2026,14:07,Collared Pecary,Dicotyles tajacu,5,Connor Munro,FALSE,
MON05,NWJ13,DP20260621TO20260628,DSCF0034,6/25/2026,14:07,Collared Pecary,Dicotyles tajacu,4,Connor Munro,FALSE,
MON05,NWJ13,DP20260621TO20260628,DSCF0035,6/25/2026,14:07,Collared Pecary,Dicotyles tajacu,4,Connor Munro,FALSE,
MON05,NWJ13,DP20260621TO20260628,DSCF0036,6/25/2026,14:08,Collared Pecary,Dicotyles tajacu,2,Connor Munro,FALSE,
MON05,NWJ13,DP20260621TO20260628,DSCF0037,6/25/2026,14:08,Collared Pecary,Dicotyles tajacu,2,Connor Munro,FALSE,
MON05,NWJ13,DP20260621TO20260628,DSCF0038,6/25/2026,14:08,Collared Pecary,Dicotyles tajacu,2,Connor Munro,FALSE,
MON05,NWJ13,DP20260621TO20260628,DSCF0039,6/25/2026,14:09,Collared Pecary,Dicotyles tajacu,2,Connor Munro,FALSE,
MON05,NWJ13,DP20260621TO20260628,DSCF0040,6/25/2026,14:09,Collared Pecary,Dicotyles tajacu,2,Connor Munro,FALSE,
MON05,NWJ13,DP20260621TO20260628,DSCF0041,6/26/2026,11:35,Collared Pecary,Dicotyles tajacu,4,Connor Munro,FALSE,
MON05,NWJ13,DP20260621TO20260628,DSCF0042,6/26/2026,11:36,Collared Pecary,Dicotyles tajacu,1,Connor Munro,FALSE,
MON05,NWJ13,DP20260621TO20260628,DSCF0045,6/26/2026,18:00,Green Acouchi,Myoprocta pratti,1,Connor Munro,FALSE,
MON05,NWJ13,DP20260621TO20260628,DSCF0046,6/27/2026,6:06,Green Acouchi,Myoprocta pratti,1,Connor Munro,FALSE,
MON06,NWJ08,DP20260621TO20260628,DSCF0004,6/22/2026,13:57,Ocelot,Leopardus pardalis,1,Connor Munro,FALSE,
MON06,NWJ08,DP20260621TO20260628,DSCF0007,6/23/2026,1:30,Mouse,N/A,1,Connor Munro,TRUE,
MON06,NWJ08,DP20260621TO20260628,DSCF0009,6/23/2026,15:55,Pale-winged Trumpeter,Psophia leucoptera,1,Connor Munro,FALSE,
MON06,NWJ08,DP20260621TO20260628,DSCF0010,6/23/2026,15:56,Pale-winged Trumpeter,Psophia leucoptera,3,Connor Munro,FALSE,
MON06,NWJ08,DP20260621TO20260628,DSCF0011,6/23/2026,16:19,Ocelot,Leopardus pardalis,1,Connor Munro,FALSE,
MON06,NWJ08,DP20260621TO20260628,DSCF0012,6/23/2026,16:20,Ocelot,Leopardus pardalis,1,Connor Munro,FALSE,
MON06,NWJ08,DP20260621TO20260628,DSCF0014,6/24/2026,8:27,Black Agouti,Dasyprocta fuliginosa,1,Connor Munro,FALSE,
MON06,NWJ08,DP20260621TO20260628,DSCF0016,6/26/2026,15:13,Little Tinamou,Crypturellus soui,3,Connor Munro,FALSE,
MON06,NWJ08,DP20260621TO20260628,DSCF0019,6/27/2026,8:18,Black Agouti,Dasyprocta fuliginosa,1,Connor Munro,FALSE,
MON06,NWJ08,DP20260621TO20260628,DSCF0020,6/27/2026,10:25,Black Agouti,Dasyprocta fuliginosa,1,Connor Munro,FALSE,
MON06,NWJ08,DP20260621TO20260628,DSCF0021,6/27/2026,10:25,Black Agouti,Dasyprocta fuliginosa,1,Connor Munro,FALSE,
MON06,NWJ08,DP20260621TO20260628,DSCF0022,6/27/2026,15:21,Ocelot,Leopardus pardalis,1,Connor Munro,FALSE,
MON07,NWJ16,DP20260621TO20260628,DSCF0003,6/21/2026,11:51,Mouse,N/A,1,Connor Munro,TRUE,
MON07,NWJ16,DP20260621TO20260628,DSCF0004,6/23/2026,6:01,Common Black-eared Opossum,Didelphis marsupialis,1,Connor Munro,FALSE,
MON07,NWJ16,DP20260621TO20260628,DSCF0005,6/24/2026,6:47,Green Acouchi,Myoprocta pratti,1,Connor Munro,FALSE,
MON07,NWJ16,DP20260621TO20260628,DSCF0009,6/26/2026,6:35,Little Tinamou,Crypturellus soui,1,Connor Munro,TRUE,unsure
MON07,NWJ16,DP20260621TO20260628,DSCF0011,6/27/2026,7:45,Salvin's Curassow,Mitu salvini,1,Connor Munro,FALSE,
MON07,NWJ16,DP20260621TO20260628,DSCF0012,6/27/2026,7:45,Salvin's Curassow,Mitu salvini,1,Connor Munro,FALSE,
MON07,NWJ16,DP20260621TO20260628,DSCF0013,6/27/2026,12:31,Salvin's Curassow,Mitu salvini,1,Connor Munro,FALSE,
MON07,NWJ16,DP20260621TO20260628,DSCF0014,6/27/2026,12:32,Salvin's Curassow,Mitu salvini,1,Connor Munro,FALSE,
MON07,NWJ16,DP20260621TO20260628,DSCF0015,6/27/2026,12:33,Salvin's Curassow,Mitu salvini,1,Connor Munro,FALSE,
MON07,NWJ16,DP20260621TO20260628,DSCF0016,6/27/2026,13:04,Salvin's Curassow,Mitu salvini,1,Connor Munro,FALSE,
MON07,NWJ16,DP20260621TO20260628,DSCF0017,6/27/2026,13:05,Salvin's Curassow,Mitu salvini,1,Connor Munro,FALSE,
MON08,NWJ05,DP20260621TO20260628,DSCF0012,6/26/2026,18:47,Lowland Paca,Cuniculus paca,1,Connor Munro,FALSE,
MON09,NWJ06,DP20260621TO20260628,DSCF0004,6/22/2026,7:34,Black Agouti,Dasyprocta fuliginosa,1,Connor Munro,FALSE,
MON09,NWJ06,DP20260621TO20260628,DSCF0005,6/22/2026,7:35,Black Agouti,Dasyprocta fuliginosa,1,Connor Munro,FALSE,
MON09,NWJ06,DP20260621TO20260628,DSCF0007,6/27/2026,17:17,Black Agouti,Dasyprocta fuliginosa,1,Connor Munro,FALSE,
MON10,NWJ12,DP20260621TO20260628,DSCF0011,6/21/2026,20:27,Common Black-eared Opossum,Didelphis marsupialis,1,Connor Munro,FALSE,
MON10,NWJ12,DP20260621TO20260628,DSCF0012,6/23/2026,7:50,Black Agouti,Dasyprocta fuliginosa,1,Connor Munro,FALSE,
MON10,NWJ12,DP20260621TO20260628,DSCF0013,6/23/2026,7:50,Black Agouti,Dasyprocta fuliginosa,1,Connor Munro,FALSE,
MON10,NWJ12,DP20260621TO20260628,DSCF0014,6/27/2026,9:11,Black Agouti,Dasyprocta fuliginosa,1,Connor Munro,FALSE,
MON11,NWJ09,DP20260621TO20260628,DSCF0007,6/21/2026,16:03,Little Tinamou,Crypturellus soui,2,Connor Munro,FALSE,
MON11,NWJ09,DP20260621TO20260628,DSCF0008,6/21/2026,16:17,Little Tinamou,Crypturellus soui,1,Connor Munro,TRUE,
MON11,NWJ09,DP20260621TO20260628,DSCF0009,6/21/2026,23:35,Common Black-eared Opossum,Didelphis marsupialis,1,Connor Munro,FALSE,
MON11,NWJ09,DP20260621TO20260628,DSCF0011,6/22/2026,13:29,Black Agouti,Dasyprocta fuliginosa,1,Connor Munro,FALSE,
MON11,NWJ09,DP20260621TO20260628,DSCF0012,6/22/2026,13:29,Black Agouti,Dasyprocta fuliginosa,1,Connor Munro,FALSE,
MON11,NWJ09,DP20260621TO20260628,DSCF0013,6/22/2026,13:30,Black Agouti,Dasyprocta fuliginosa,1,Connor Munro,FALSE,
MON11,NWJ09,DP20260621TO20260628,DSCF0015,6/23/2026,0:04,Common Black-eared Opossum,Didelphis marsupialis,1,Connor Munro,FALSE,
MON11,NWJ09,DP20260621TO20260628,DSCF0016,6/23/2026,0:04,Common Black-eared Opossum,Didelphis marsupialis,1,Connor Munro,FALSE,
MON11,NWJ09,DP20260621TO20260628,DSCF0017,6/23/2026,0:04,Common Black-eared Opossum,Didelphis marsupialis,1,Connor Munro,FALSE,
MON11,NWJ09,DP20260621TO20260628,DSCF0018,6/23/2026,2:12,Mouse,N/A,1,Connor Munro,TRUE,
MON11,NWJ09,DP20260621TO20260628,DSCF0019,6/23/2026,2:12,Mouse,N/A,1,Connor Munro,TRUE,
MON11,NWJ09,DP20260621TO20260628,DSCF0020,6/23/2026,4:02,Mouse,N/A,1,Connor Munro,TRUE,
MON11,NWJ09,DP20260621TO20260628,DSCF0021,6/23/2026,4:02,Mouse,N/A,1,Connor Munro,TRUE,
MON11,NWJ09,DP20260621TO20260628,DSCF0022,6/23/2026,17:15,Green Acouchi,Myoprocta pratti,1,Connor Munro,FALSE,
MON11,NWJ09,DP20260621TO20260628,DSCF0024,6/23/2026,17:36,Green Acouchi,Myoprocta pratti,1,Connor Munro,FALSE,
MON11,NWJ09,DP20260621TO20260628,DSCF0025,6/23/2026,17:37,Green Acouchi,Myoprocta pratti,1,Connor Munro,FALSE,
MON11,NWJ09,DP20260621TO20260628,DSCF0026,6/23/2026,17:56,Green Acouchi,Myoprocta pratti,1,Connor Munro,FALSE,
MON11,NWJ09,DP20260621TO20260628,DSCF0027,6/23/2026,17:57,Green Acouchi,Myoprocta pratti,1,Connor Munro,FALSE,
MON11,NWJ09,DP20260621TO20260628,DSCF0029,6/25/2026,1:22,Lowland Paca,Cuniculus paca,1,Connor Munro,FALSE,
MON11,NWJ09,DP20260621TO20260628,DSCF0030,6/25/2026,1:23,Lowland Paca,Cuniculus paca,1,Connor Munro,FALSE,
MON11,NWJ09,DP20260621TO20260628,DSCF0034,6/25/2026,3:47,Mouse,N/A,1,Connor Munro,TRUE,
MON11,NWJ09,DP20260621TO20260628,DSCF0037,6/25/2026,10:31,Black Agouti,Dasyprocta fuliginosa,1,Connor Munro,TRUE,Unsure
MON11,NWJ09,DP20260621TO20260628,DSCF0038,6/25/2026,15:56,Nocturnal Currassow,Nothocrax urumutum,2,Connor Munro,FALSE,
MON11,NWJ09,DP20260621TO20260628,DSCF0040,6/25/2026,15:57,Nocturnal Currassow,Nothocrax urumutum,1,Connor Munro,FALSE,
MON11,NWJ09,DP20260621TO20260628,DSCF0041,6/25/2026,15:57,Nocturnal Currassow,Nothocrax urumutum,2,Connor Munro,FALSE,
MON11,NWJ09,DP20260621TO20260628,DSCF0042,6/25/2026,15:59,Nocturnal Currassow,Nothocrax urumutum,1,Connor Munro,FALSE,
MON11,NWJ09,DP20260621TO20260628,DSCF0044,6/26/2026,8:50,Little Tinamou,Crypturellus soui,1,Connor Munro,FALSE,
MON11,NWJ09,DP20260621TO20260628,DSCF0045,6/26/2026,8:51,Little Tinamou,Crypturellus soui,1,Connor Munro,FALSE,
MON11,NWJ09,DP20260621TO20260628,DSCF0046,6/26/2026,9:01,Little Tinamou,Crypturellus soui,1,Connor Munro,FALSE,
MON11,NWJ09,DP20260621TO20260628,DSCF0047,6/26/2026,9:01,Little Tinamou,Crypturellus soui,1,Connor Munro,FALSE,
MON11,NWJ09,DP20260621TO20260628,DSCF0048,6/26/2026,15:28,Northern Amazon Red Squirrel,Hadrosciurus igniventris,1,Connor Munro,FALSE,
MON11,NWJ09,DP20260621TO20260628,DSCF0051,6/27/2026,13:37,Bird,N/A,1,Connor Munro,TRUE,1/4 a frame
MON11,NWJ09,DP20260621TO20260628,DSCF0052,6/28/2026,4:26,Ocelot,Leopardus pardalis,1,Connor Munro,FALSE,
MON11,NWJ09,DP20260621TO20260628,DSCF0053,6/28/2026,4:27,Ocelot,Leopardus pardalis,1,Connor Munro,FALSE,
MON11,NWJ09,DP20260621TO20260628,DSCF0054,6/28/2026,4:27,Ocelot,Leopardus pardalis,1,Connor Munro,FALSE,
MON12,NWJ07,DP20260621TO20260628,DSCF0005,6/22/2026,22:45,Lowland Paca,Cuniculus paca,1,Connor Munro,FALSE,
MON12,NWJ07,DP20260621TO20260628,DSCF0006,6/23/2026,0:28,Lowland Paca,Cuniculus paca,1,Connor Munro,TRUE,Unsure
MON12,NWJ07,DP20260621TO20260628,DSCF0007,6/25/2026,12:54,South American Coati,Nasua nasua,2,Connor Munro,FALSE,
MON12,NWJ07,DP20260621TO20260628,DSCF0010,6/27/2026,3:39,Mouse,N/A,1,Connor Munro,TRUE,
MON13,NWJ19,DP20260621TO20260628,DSCF0005,6/22/2026,8:33,Black Agouti,Dasyprocta fuliginosa,1,Connor Munro,FALSE,
MON13,NWJ19,DP20260621TO20260628,DSCF0009,6/23/2026,6:12,Black Agouti,Dasyprocta fuliginosa,1,Connor Munro,FALSE,
MON13,NWJ19,DP20260621TO20260628,DSCF0010,6/23/2026,8:53,Northern Amazon Red Squirrel,Hadrosciurus igniventris,1,Connor Munro,FALSE,
MON13,NWJ19,DP20260621TO20260628,DSCF0011,6/23/2026,22:31,Ocelot,Leopardus pardalis,1,Connor Munro,FALSE,
MON13,NWJ19,DP20260621TO20260628,DSCF0012,6/24/2026,7:08,Green Acouchi,Myoprocta pratti,1,Connor Munro,FALSE,
MON13,NWJ19,DP20260621TO20260628,DSCF0013,6/24/2026,15:52,Green Acouchi,Myoprocta pratti,1,Connor Munro,FALSE,
MON13,NWJ19,DP20260621TO20260628,DSCF0014,6/24/2026,18:43,Common Black-eared Opossum,Didelphis marsupialis,1,Connor Munro,FALSE,
MON13,NWJ19,DP20260621TO20260628,DSCF0017,6/25/2026,18:38,Common Black-eared Opossum,Didelphis marsupialis,1,Connor Munro,FALSE,
MON13,NWJ19,DP20260621TO20260628,DSCF0018,6/27/2026,6:39,Green Acouchi,Myoprocta pratti,1,Connor Munro,FALSE,
MON13,NWJ19,DP20260621TO20260628,DSCF0019,6/27/2026,8:21,Green Acouchi,Myoprocta pratti,1,Connor Munro,FALSE,
MON13,NWJ19,DP20260621TO20260628,DSCF0020,6/27/2026,22:07,Common Black-eared Opossum,Didelphis marsupialis,1,Connor Munro,FALSE,
MON13,NWJ19,DP20260621TO20260628,DSCF0021,6/28/2026,6:57,Green Acouchi,Myoprocta pratti,1,Connor Munro,FALSE,
MON14,NWJ10,DP20260621TO20260628,DSCF0006,6/22/2026,7:40,Green Acouchi,Myoprocta pratti,1,Connor Munro,FALSE,
MON14,NWJ10,DP20260621TO20260628,DSCF0007,6/22/2026,15:05,Salvin's Curassow,Mitu salvini,1,Connor Munro,FALSE,
MON14,NWJ10,DP20260621TO20260628,DSCF0008,6/22/2026,15:06,Salvin's Curassow,Mitu salvini,1,Connor Munro,FALSE,
MON14,NWJ10,DP20260621TO20260628,DSCF0009,6/22/2026,15:06,Salvin's Curassow,Mitu salvini,1,Connor Munro,FALSE,
MON14,NWJ10,DP20260621TO20260628,DSCF0010,6/22/2026,15:06,Salvin's Curassow,Mitu salvini,1,Connor Munro,FALSE,
MON14,NWJ10,DP20260621TO20260628,DSCF0011,6/22/2026,15:06,Salvin's Curassow,Mitu salvini,1,Connor Munro,FALSE,
MON14,NWJ10,DP20260621TO20260628,DSCF0012,6/22/2026,15:06,Salvin's Curassow,Mitu salvini,1,Connor Munro,FALSE,
MON14,NWJ10,DP20260621TO20260628,DSCF0013,6/22/2026,15:07,Salvin's Curassow,Mitu salvini,1,Connor Munro,FALSE,
MON14,NWJ10,DP20260621TO20260628,DSCF0014,6/22/2026,16:32,Green Acouchi,Myoprocta pratti,1,Connor Munro,FALSE,
MON14,NWJ10,DP20260621TO20260628,DSCF0015,6/22/2026,17:46,Green Acouchi,Myoprocta pratti,1,Connor Munro,FALSE,
MON14,NWJ10,DP20260621TO20260628,DSCF0016,6/22/2026,17:46,Green Acouchi,Myoprocta pratti,1,Connor Munro,FALSE,
MON14,NWJ10,DP20260621TO20260628,DSCF0017,6/23/2026,15:57,Green Acouchi,Myoprocta pratti,1,Connor Munro,FALSE,
MON14,NWJ10,DP20260621TO20260628,DSCF0018,6/23/2026,16:36,Little Tinamou,Crypturellus soui,1,Connor Munro,TRUE,
MON14,NWJ10,DP20260621TO20260628,DSCF0019,6/23/2026,17:31,Green Acouchi,Myoprocta pratti,1,Connor Munro,FALSE,
MON14,NWJ10,DP20260621TO20260628,DSCF0020,6/23/2026,17:31,Green Acouchi,Myoprocta pratti,1,Connor Munro,FALSE,
MON14,NWJ10,DP20260621TO20260628,DSCF0021,6/23/2026,17:31,Green Acouchi,Myoprocta pratti,1,Connor Munro,FALSE,
MON14,NWJ10,DP20260621TO20260628,DSCF0022,6/23/2026,17:31,Green Acouchi,Myoprocta pratti,1,Connor Munro,FALSE,
MON14,NWJ10,DP20260621TO20260628,DSCF0023,6/23/2026,17:46,Green Acouchi,Myoprocta pratti,1,Connor Munro,FALSE,
MON14,NWJ10,DP20260621TO20260628,DSCF0024,6/23/2026,17:49,Green Acouchi,Myoprocta pratti,1,Connor Munro,FALSE,
MON14,NWJ10,DP20260621TO20260628,DSCF0025,6/23/2026,17:52,Green Acouchi,Myoprocta pratti,1,Connor Munro,FALSE,
MON14,NWJ10,DP20260621TO20260628,DSCF0028,6/23/2026,18:00,Green Acouchi,Myoprocta pratti,1,Connor Munro,FALSE,
MON14,NWJ10,DP20260621TO20260628,DSCF0029,6/23/2026,18:09,Green Acouchi,Myoprocta pratti,1,Connor Munro,FALSE,
MON14,NWJ10,DP20260621TO20260628,DSCF0030,6/24/2026,16:49,Green Acouchi,Myoprocta pratti,1,Connor Munro,FALSE,
MON14,NWJ10,DP20260621TO20260628,DSCF0031,6/24/2026,16:51,Green Acouchi,Myoprocta pratti,1,Connor Munro,FALSE,"Fast, could be Agouti"
MON14,NWJ10,DP20260621TO20260628,DSCF0032,6/24/2026,17:25,Green Acouchi,Myoprocta pratti,1,Connor Munro,FALSE,
MON14,NWJ10,DP20260621TO20260628,DSCF0033,6/24/2026,17:25,Green Acouchi,Myoprocta pratti,1,Connor Munro,FALSE,
MON14,NWJ10,DP20260621TO20260628,DSCF0035,6/24/2026,17:40,Green Acouchi,Myoprocta pratti,1,Connor Munro,FALSE,
MON14,NWJ10,DP20260621TO20260628,DSCF0037,6/24/2026,17:44,Green Acouchi,Myoprocta pratti,1,Connor Munro,FALSE,
MON14,NWJ10,DP20260621TO20260628,DSCF0038,6/24/2026,17:45,Green Acouchi,Myoprocta pratti,1,Connor Munro,FALSE,
MON14,NWJ10,DP20260621TO20260628,DSCF0039,6/24/2026,17:45,Green Acouchi,Myoprocta pratti,1,Connor Munro,FALSE,
MON14,NWJ10,DP20260621TO20260628,DSCF0040,6/24/2026,17:46,Green Acouchi,Myoprocta pratti,1,Connor Munro,FALSE,
MON14,NWJ10,DP20260621TO20260628,DSCF0043,6/24/2026,17:51,Green Acouchi,Myoprocta pratti,1,Connor Munro,FALSE,
MON14,NWJ10,DP20260621TO20260628,DSCF0044,6/24/2026,17:51,Green Acouchi,Myoprocta pratti,1,Connor Munro,FALSE,
MON14,NWJ10,DP20260621TO20260628,DSCF0045,6/24/2026,17:55,Green Acouchi,Myoprocta pratti,1,Connor Munro,FALSE,
MON14,NWJ10,DP20260621TO20260628,DSCF0046,6/24/2026,17:55,Green Acouchi,Myoprocta pratti,2,Connor Munro,FALSE,
MON14,NWJ10,DP20260621TO20260628,DSCF0047,6/24/2026,17:55,Green Acouchi,Myoprocta pratti,2,Connor Munro,FALSE,
MON14,NWJ10,DP20260621TO20260628,DSCF0048,6/24/2026,17:55,Green Acouchi,Myoprocta pratti,1,Connor Munro,FALSE,
MON14,NWJ10,DP20260621TO20260628,DSCF0049,6/24/2026,17:56,Green Acouchi,Myoprocta pratti,1,Connor Munro,FALSE,
MON14,NWJ10,DP20260621TO20260628,DSCF0051,6/24/2026,17:56,Green Acouchi,Myoprocta pratti,1,Connor Munro,FALSE,
MON14,NWJ10,DP20260621TO20260628,DSCF0052,6/24/2026,18:02,Green Acouchi,Myoprocta pratti,1,Connor Munro,FALSE,
MON14,NWJ10,DP20260621TO20260628,DSCF0053,6/24/2026,18:05,Green Acouchi,Myoprocta pratti,1,Connor Munro,FALSE,
MON14,NWJ10,DP20260621TO20260628,DSCF0054,6/24/2026,18:08,Green Acouchi,Myoprocta pratti,1,Connor Munro,FALSE,
MON14,NWJ10,DP20260621TO20260628,DSCF0055,6/25/2026,7:08,Green Acouchi,Myoprocta pratti,1,Connor Munro,FALSE,
MON14,NWJ10,DP20260621TO20260628,DSCF0056,6/25/2026,12:24,White-throated Tinamou,Tinamus guttatus,1,Connor Munro,FALSE,
MON14,NWJ10,DP20260621TO20260628,DSCF0057,6/25/2026,12:25,White-throated Tinamou,Tinamus guttatus,1,Connor Munro,FALSE,
MON14,NWJ10,DP20260621TO20260628,DSCF0059,6/25/2026,14:38,Green Acouchi,Myoprocta pratti,1,Connor Munro,TRUE,
MON14,NWJ10,DP20260621TO20260628,DSCF0061,6/26/2026,3:12,Mouse,N/A,1,Connor Munro,FALSE,
MON14,NWJ10,DP20260621TO20260628,DSCF0063,6/26/2026,7:34,Green Acouchi,Myoprocta pratti,1,Connor Munro,FALSE,
MON14,NWJ10,DP20260621TO20260628,DSCF0065,6/26/2026,10:07,Green Acouchi,Myoprocta pratti,1,Connor Munro,FALSE,
MON14,NWJ10,DP20260621TO20260628,DSCF0066,6/26/2026,10:08,Green Acouchi,Myoprocta pratti,1,Connor Munro,FALSE,
MON14,NWJ10,DP20260621TO20260628,DSCF0067,6/26/2026,10:38,Black Agouti,Dasyprocta fuliginosa,1,Connor Munro,TRUE,Or a peccary
MON14,NWJ10,DP20260621TO20260628,DSCF0069,6/26/2026,16:33,Green Acouchi,Myoprocta pratti,1,Connor Munro,TRUE,unsure
MON14,NWJ10,DP20260621TO20260628,DSCF0071,6/26/2026,16:36,White-throated Tinamou,Tinamus guttatus,1,Connor Munro,TRUE,unsure
MON14,NWJ10,DP20260621TO20260628,DSCF0072,6/26/2026,16:43,Green Acouchi,Myoprocta pratti,1,Connor Munro,FALSE,
MON14,NWJ10,DP20260621TO20260628,DSCF0073,6/26/2026,16:43,Green Acouchi,Myoprocta pratti,1,Connor Munro,FALSE,
MON14,NWJ10,DP20260621TO20260628,DSCF0075,6/26/2026,18:03,Black Agouti,Dasyprocta fuliginosa,2,Connor Munro,TRUE,
MON14,NWJ10,DP20260621TO20260628,DSCF0076,6/27/2026,6:52,Black Agouti,Dasyprocta fuliginosa,1,Connor Munro,FALSE,
MON14,NWJ10,DP20260621TO20260628,DSCF0077,6/27/2026,6:53,Black Agouti,Dasyprocta fuliginosa,1,Connor Munro,FALSE,
MON14,NWJ10,DP20260621TO20260628,DSCF0078,6/27/2026,6:54,Black Agouti,Dasyprocta fuliginosa,1,Connor Munro,FALSE,
MON14,NWJ10,DP20260621TO20260628,DSCF0080,6/27/2026,6:59,Black Agouti,Dasyprocta fuliginosa,1,Connor Munro,FALSE,
MON14,NWJ10,DP20260621TO20260628,DSCF0081,6/27/2026,7:01,Black Agouti,Dasyprocta fuliginosa,1,Connor Munro,FALSE,
MON14,NWJ10,DP20260621TO20260628,DSCF0082,6/27/2026,7:05,Black Agouti,Dasyprocta fuliginosa,1,Connor Munro,FALSE,
MON14,NWJ10,DP20260621TO20260628,DSCF0084,6/27/2026,16:13,Black Agouti,Dasyprocta fuliginosa,1,Connor Munro,FALSE,
MON14,NWJ10,DP20260621TO20260628,DSCF0085,6/27/2026,16:18,Black Agouti,Dasyprocta fuliginosa,1,Connor Munro,FALSE,
MON14,NWJ10,DP20260621TO20260628,DSCF0087,6/28/2026,6:53,Black Agouti,Dasyprocta fuliginosa,1,Connor Munro,FALSE,
MON14,NWJ10,DP20260621TO20260628,DSCF0089,6/28/2026,6:56,Black Agouti,Dasyprocta fuliginosa,1,Connor Munro,FALSE,
MON14,NWJ10,DP20260621TO20260628,DSCF0090,6/28/2026,7:04,Black Agouti,Dasyprocta fuliginosa,1,Connor Munro,FALSE,
MON15,NWJ02,DP20260621TO20260628,DSCF0010,6/26/2026,7:03,Northern Amazon Red Squirrel,Hadrosciurus igniventris,1,Connor Munro,FALSE,
MON16,NWJ17,DP20260621TO20260628,DSCF0004,6/23/2026,12:34,Pale-winged Trumpeter,Psophia leucoptera,1,Connor Munro,FALSE,
MON16,NWJ17,DP20260621TO20260628,DSCF0005,6/23/2026,12:35,Pale-winged Trumpeter,Psophia leucoptera,1,Connor Munro,FALSE,
MON16,NWJ17,DP20260621TO20260628,DSCF0006,6/24/2026,18:11,Nocturnal Currassow,Nothocrax urumutum,2,Connor Munro,FALSE,
MON16,NWJ17,DP20260621TO20260628,DSCF0007,6/24/2026,18:11,Nocturnal Currassow,Nothocrax urumutum,2,Connor Munro,FALSE,
MON16,NWJ17,DP20260621TO20260628,DSCF0008,6/24/2026,18:11,Nocturnal Currassow,Nothocrax urumutum,1,Connor Munro,FALSE,
MON16,NWJ17,DP20260621TO20260628,DSCF0009,6/24/2026,18:12,Nocturnal Currassow,Nothocrax urumutum,1,Connor Munro,FALSE,
MON16,NWJ17,DP20260621TO20260628,DSCF0011,6/25/2026,7:56,Grey-winged Trumpeter,Psophia crepitans,2,Connor Munro,FALSE,
MON16,NWJ17,DP20260621TO20260628,DSCF0012,6/25/2026,11:48,Grey-winged Trumpeter,Psophia crepitans,2,Connor Munro,FALSE,
MON16,NWJ17,DP20260621TO20260628,DSCF0015,6/26/2026,18:10,Green Acouchi,Myoprocta pratti,1,Connor Munro,TRUE,Fast
MON16,NWJ17,DP20260621TO20260628,DSCF0016,6/27/2026,7:54,Pale-winged Trumpeter,Psophia leucoptera,4,Connor Munro,FALSE,
MON16,NWJ17,DP20260621TO20260628,DSCF0017,6/27/2026,7:54,Pale-winged Trumpeter,Psophia leucoptera,2,Connor Munro,FALSE,
MON17,NWJ18,DP20260621TO20260628,DSCF0005,6/22/2026,2:13,Common Black-eared Opossum,Didelphis marsupialis,1,Connor Munro,FALSE,
MON17,NWJ18,DP20260621TO20260628,DSCF0006,6/23/2026,17:00,Pale-winged Trumpeter,Psophia leucoptera,3,Connor Munro,FALSE,
MON17,NWJ18,DP20260621TO20260628,DSCF0007,6/23/2026,17:01,Pale-winged Trumpeter,Psophia leucoptera,1,Connor Munro,FALSE,
MON17,NWJ18,DP20260621TO20260628,DSCF0009,6/24/2026,16:43,Green Acouchi,Myoprocta pratti,1,Connor Munro,TRUE,Very unsure
MON18,NWJ14,DP20260621TO20260628,DSCF0005,6/23/2026,6:17,Ocelot,Leopardus pardalis,1,Connor Munro,FALSE,
MON18,NWJ14,DP20260621TO20260628,DSCF0009,6/24/2026,0:34,Mouse,N/A,1,Connor Munro,TRUE,
MON18,NWJ14,DP20260621TO20260628,DSCF0012,6/24/2026,16:11,Pale-winged Trumpeter,Psophia leucoptera,2,Connor Munro,FALSE,
MON18,NWJ14,DP20260621TO20260628,DSCF0013,6/24/2026,16:11,Pale-winged Trumpeter,Psophia leucoptera,3,Connor Munro,FALSE,
MON19,NWJ04,DP20260621TO20260628,DSCF0003,6/21/2026,16:18,Black Agouti,Dasyprocta fuliginosa,1,Connor Munro,FALSE,
MON19,NWJ04,DP20260621TO20260628,DSCF0005,6/21/2026,17:16,Black Agouti,Dasyprocta fuliginosa,1,Connor Munro,TRUE,
MON19,NWJ04,DP20260621TO20260628,DSCF0007,6/22/2026,3:36,Mouse,N/A,1,Connor Munro,TRUE,
MON19,NWJ04,DP20260621TO20260628,DSCF0008,6/22/2026,3:37,Southern Tamandua,Tamandua tetradactyla,1,Connor Munro,FALSE,
MON19,NWJ04,DP20260621TO20260628,DSCF0009,6/22/2026,3:38,Southern Tamandua,Tamandua tetradactyla,1,Connor Munro,FALSE,
MON19,NWJ04,DP20260621TO20260628,DSCF0010,6/22/2026,8:19,Black Agouti,Dasyprocta fuliginosa,1,Connor Munro,FALSE,
MON19,NWJ04,DP20260621TO20260628,DSCF0011,6/22/2026,8:19,Black Agouti,Dasyprocta fuliginosa,1,Connor Munro,FALSE,
MON19,NWJ04,DP20260621TO20260628,DSCF0012,6/22/2026,11:19,Black Agouti,Dasyprocta fuliginosa,1,Connor Munro,FALSE,
MON19,NWJ04,DP20260621TO20260628,DSCF0013,6/22/2026,20:37,Lowland Paca,Cuniculus paca,1,Connor Munro,FALSE,
MON19,NWJ04,DP20260621TO20260628,DSCF0014,6/23/2026,9:40,Black Agouti,Dasyprocta fuliginosa,1,Connor Munro,FALSE,
MON19,NWJ04,DP20260621TO20260628,DSCF0015,6/23/2026,19:02,Lowland Paca,Cuniculus paca,1,Connor Munro,FALSE,
MON19,NWJ04,DP20260621TO20260628,DSCF0016,6/25/2026,6:49,Green Acouchi,Myoprocta pratti,1,Connor Munro,TRUE,unsure
MON19,NWJ04,DP20260621TO20260628,DSCF0020,6/27/2026,18:11,Black Agouti,Dasyprocta fuliginosa,1,Connor Munro,FALSE,
MON19,NWJ04,DP20260621TO20260628,DSCF0023,6/28/2026,6:24,Black Agouti,Dasyprocta fuliginosa,1,Connor Munro,FALSE,
MON19,NWJ04,DP20260621TO20260628,DSCF0025,6/28/2026,9:08,Black Agouti,Dasyprocta fuliginosa,1,Connor Munro,FALSE,
MON20,NWJ03,DP20260621TO20260628,DSCF0009,6/21/2026,18:21,Green Acouchi,Myoprocta pratti,1,Connor Munro,FALSE,
MON20,NWJ03,DP20260621TO20260628,DSCF0010,6/21/2026,22:56,Mouse,N/A,1,Connor Munro,TRUE,
MON20,NWJ03,DP20260621TO20260628,DSCF0012,6/22/2026,0:49,Mouse,N/A,1,Connor Munro,TRUE,
MON20,NWJ03,DP20260621TO20260628,DSCF0013,6/22/2026,1:06,Mouse,N/A,1,Connor Munro,TRUE,
MON20,NWJ03,DP20260621TO20260628,DSCF0015,6/22/2026,17:00,Black Agouti,Dasyprocta fuliginosa,1,Connor Munro,FALSE,
MON20,NWJ03,DP20260621TO20260628,DSCF0018,6/23/2026,6:59,Black Agouti,Dasyprocta fuliginosa,1,Connor Munro,FALSE,
MON20,NWJ03,DP20260621TO20260628,DSCF0019,6/23/2026,6:59,Black Agouti,Dasyprocta fuliginosa,1,Connor Munro,FALSE,
MON20,NWJ03,DP20260621TO20260628,DSCF0020,6/23/2026,6:59,Black Agouti,Dasyprocta fuliginosa,1,Connor Munro,FALSE,
MON20,NWJ03,DP20260621TO20260628,DSCF0021,6/23/2026,7:54,Nocturnal Currassow,Nothocrax urumutum,4,Connor Munro,FALSE,
MON20,NWJ03,DP20260621TO20260628,DSCF0022,6/23/2026,9:17,Black Agouti,Dasyprocta fuliginosa,1,Connor Munro,FALSE,
MON20,NWJ03,DP20260621TO20260628,DSCF0023,6/23/2026,9:17,Black Agouti,Dasyprocta fuliginosa,1,Connor Munro,FALSE,
MON20,NWJ03,DP20260621TO20260628,DSCF0024,6/23/2026,23:52,Lowland Paca,Cuniculus paca,1,Connor Munro,FALSE,
MON20,NWJ03,DP20260621TO20260628,DSCF0025,6/24/2026,1:05,Lowland Paca,Cuniculus paca,1,Connor Munro,FALSE,
MON20,NWJ03,DP20260621TO20260628,DSCF0026,6/25/2026,12:16,Grey-winged Trumpeter,Psophia crepitans,2,Connor Munro,FALSE,
MON20,NWJ03,DP20260621TO20260628,DSCF0027,6/25/2026,17:30,Black Agouti,Dasyprocta fuliginosa,1,Connor Munro,FALSE,
MON20,NWJ03,DP20260621TO20260628,DSCF0028,6/25/2026,17:30,Black Agouti,Dasyprocta fuliginosa,1,Connor Munro,FALSE,
MON20,NWJ03,DP20260621TO20260628,DSCF0030,6/26/2026,8:36,Black Agouti,Dasyprocta fuliginosa,1,Connor Munro,FALSE,
MON20,NWJ03,DP20260621TO20260628,DSCF0031,6/28/2026,12:13,Black Agouti,Dasyprocta fuliginosa,1,Connor Munro,FALSE,
MON01,NWJ20,DP20260628TO20260717,DSCF0013,6/28/2026,16:03,Green Acouchi,Myoprocta pratti,1,Connor Munro,FALSE,
MON01,NWJ20,DP20260628TO20260717,DSCF0015,6/28/2026,16:15,Green Acouchi,Myoprocta pratti,1,Connor Munro,FALSE,
MON01,NWJ20,DP20260628TO20260717,DSCF0016,6/28/2026,16:18,Green Acouchi,Myoprocta pratti,1,Connor Munro,FALSE,
MON01,NWJ20,DP20260628TO20260717,DSCF0017,6/28/2026,16:20,Green Acouchi,Myoprocta pratti,1,Connor Munro,FALSE,
MON01,NWJ20,DP20260628TO20260717,DSCF0018,6/28/2026,16:22,Green Acouchi,Myoprocta pratti,1,Connor Munro,FALSE,
MON01,NWJ20,DP20260628TO20260717,DSCF0019,6/28/2026,16:31,Green Acouchi,Myoprocta pratti,1,Connor Munro,FALSE,
MON01,NWJ20,DP20260628TO20260717,DSCF0020,6/28/2026,18:06,Green Acouchi,Myoprocta pratti,1,Connor Munro,FALSE,
MON01,NWJ20,DP20260628TO20260717,DSCF0023,6/29/2026,12:18,Pale-winged Trumpeter,Psophia leucoptera,2,Connor Munro,FALSE,
MON01,NWJ20,DP20260628TO20260717,DSCF0024,6/29/2026,12:19,Pale-winged Trumpeter,Psophia leucoptera,2,Connor Munro,FALSE,
MON01,NWJ20,DP20260628TO20260717,DSCF0025,6/29/2026,17:37,Green Acouchi,Myoprocta pratti,1,Connor Munro,FALSE,
MON01,NWJ20,DP20260628TO20260717,DSCF0026,6/29/2026,17:53,Green Acouchi,Myoprocta pratti,1,Connor Munro,FALSE,
MON01,NWJ20,DP20260628TO20260717,DSCF0028,6/30/2026,7:14,Northern Amazon Red Squirrel,Hadrosciurus igniventris,1,Connor Munro,FALSE,
MON01,NWJ20,DP20260628TO20260717,DSCF0029,6/30/2026,10:23,Pale-winged Trumpeter,Psophia leucoptera,1,Connor Munro,FALSE,
MON01,NWJ20,DP20260628TO20260717,DSCF0030,6/30/2026,10:24,Pale-winged Trumpeter,Psophia leucoptera,3,Connor Munro,FALSE,
MON01,NWJ20,DP20260628TO20260717,DSCF0031,6/30/2026,15:44,Green Acouchi,Myoprocta pratti,1,Connor Munro,FALSE,
MON01,NWJ20,DP20260628TO20260717,DSCF0032,6/30/2026,18:52,NIne-banded Armadillo,Dasypus novemcinctus,1,Connor Munro,FALSE,
MON01,NWJ20,DP20260628TO20260717,DSCF0033,7/1/2026,17:40,Green Acouchi,Myoprocta pratti,1,Connor Munro,FALSE,
MON01,NWJ20,DP20260628TO20260717,DSCF0034,7/1/2026,17:58,Green Acouchi,Myoprocta pratti,1,Connor Munro,FALSE,
MON01,NWJ20,DP20260628TO20260717,DSCF0036,7/2/2026,6:27,Green Acouchi,Myoprocta pratti,1,Connor Munro,FALSE,
MON01,NWJ20,DP20260628TO20260717,DSCF0037,7/2/2026,14:51,Pale-winged Trumpeter,Psophia leucoptera,2,Connor Munro,FALSE,
MON01,NWJ20,DP20260628TO20260717,DSCF0038,7/2/2026,14:51,Pale-winged Trumpeter,Psophia leucoptera,3,Connor Munro,FALSE,
MON01,NWJ20,DP20260628TO20260717,DSCF0040,7/3/2026,1:33,NIne-banded Armadillo,Dasypus novemcinctus,1,Connor Munro,FALSE,
MON01,NWJ20,DP20260628TO20260717,DSCF0042,7/3/2026,15:21,Pale-winged Trumpeter,Psophia leucoptera,1,Connor Munro,FALSE,
MON01,NWJ20,DP20260628TO20260717,DSCF0043,7/3/2026,15:59,Pale-winged Trumpeter,Psophia leucoptera,2,Connor Munro,FALSE,
MON01,NWJ20,DP20260628TO20260717,DSCF0044,7/3/2026,17:57,Little Tinamou,Crypturellus soui,1,Connor Munro,FALSE,same sample ^
MON01,NWJ20,DP20260628TO20260717,DSCF0044,7/3/2026,17:57,Green Acouchi,Myoprocta pratti,1,Connor Munro,FALSE,
MON01,NWJ20,DP20260628TO20260717,DSCF0045,7/4/2026,12:45,Green Acouchi,Myoprocta pratti,1,Connor Munro,FALSE,
MON01,NWJ20,DP20260628TO20260717,DSCF0046,7/4/2026,16:15,Pale-winged Trumpeter,Psophia leucoptera,1,Connor Munro,FALSE,
MON01,NWJ20,DP20260628TO20260717,DSCF0047,7/4/2026,16:16,Pale-winged Trumpeter,Psophia leucoptera,1,Connor Munro,FALSE,
MON01,NWJ20,DP20260628TO20260717,DSCF0048,7/5/2026,16:07,Pale-winged Trumpeter,Psophia leucoptera,3,Connor Munro,FALSE,
MON01,NWJ20,DP20260628TO20260717,DSCF0049,7/5/2026,16:47,Pale-winged Trumpeter,Psophia leucoptera,2,Connor Munro,FALSE,
MON01,NWJ20,DP20260628TO20260717,DSCF0050,7/6/2026,3:21,Ocelot,Leopardus pardalis,1,Connor Munro,FALSE,*
MON01,NWJ20,DP20260628TO20260717,DSCF0051,7/6/2026,17:02,Pale-winged Trumpeter,Psophia leucoptera,3,Connor Munro,FALSE,
MON01,NWJ20,DP20260628TO20260717,DSCF0052,7/7/2026,4:46,Mouse,N/A,1,Connor Munro,TRUE,
MON01,NWJ20,DP20260628TO20260717,DSCF0053,7/7/2026,6:14,Pale-winged Trumpeter,Psophia leucoptera,3,Connor Munro,FALSE,
MON01,NWJ20,DP20260628TO20260717,DSCF0054,7/7/2026,6:14,Pale-winged Trumpeter,Psophia leucoptera,2,Connor Munro,FALSE,
MON01,NWJ20,DP20260628TO20260717,DSCF0055,7/7/2026,6:15,Pale-winged Trumpeter,Psophia leucoptera,1,Connor Munro,FALSE,
MON01,NWJ20,DP20260628TO20260717,DSCF0056,7/7/2026,16:57,Pale-winged Trumpeter,Psophia leucoptera,3,Connor Munro,FALSE,
MON01,NWJ20,DP20260628TO20260717,DSCF0057,7/7/2026,17:35,Pale-winged Trumpeter,Psophia leucoptera,3,Connor Munro,FALSE,
MON01,NWJ20,DP20260628TO20260717,DSCF0058,7/7/2026,18:32,Deer,N/A,1,Connor Munro,TRUE,
MON01,NWJ20,DP20260628TO20260717,DSCF0059,7/7/2026,19:34,Mouse,N/A,1,Connor Munro,TRUE,
MON01,NWJ20,DP20260628TO20260717,DSCF0060,7/8/2026,6:16,Pale-winged Trumpeter,Psophia leucoptera,1,Connor Munro,FALSE,
MON01,NWJ20,DP20260628TO20260717,DSCF0063,7/8/2026,17:36,Pale-winged Trumpeter,Psophia leucoptera,2,Connor Munro,FALSE,
MON01,NWJ20,DP20260628TO20260717,DSCF0064,7/8/2026,17:37,Pale-winged Trumpeter,Psophia leucoptera,3,Connor Munro,FALSE,
MON01,NWJ20,DP20260628TO20260717,DSCF0065,7/8/2026,17:56,Green Acouchi,Myoprocta pratti,1,Connor Munro,FALSE,
MON01,NWJ20,DP20260628TO20260717,DSCF0066,7/10/2026,4:09,NIne-banded Armadillo,Dasypus novemcinctus,1,Connor Munro,FALSE,
MON01,NWJ20,DP20260628TO20260717,DSCF0070,7/11/2026,13:39,Pale-winged Trumpeter,Psophia leucoptera,1,Connor Munro,FALSE,
MON01,NWJ20,DP20260628TO20260717,DSCF0074,7/12/2026,15:47,Pale-winged Trumpeter,Psophia leucoptera,3,Connor Munro,FALSE,
MON01,NWJ20,DP20260628TO20260717,DSCF0075,7/12/2026,16:08,Pale-winged Trumpeter,Psophia leucoptera,3,Connor Munro,FALSE,
MON01,NWJ20,DP20260628TO20260717,DSCF0076,7/12/2026,18:34,Murelia Brown Brocket,Mazama nemorivaga,1,Connor Munro,FALSE,
MON01,NWJ20,DP20260628TO20260717,DSCF0077,7/12/2026,18:35,Murelia Brown Brocket,Mazama nemorivaga,1,Connor Munro,FALSE,
MON01,NWJ20,DP20260628TO20260717,DSCF0079,7/14/2026,8:15,Northern Amazon Red Squirrel,Hadrosciurus igniventris,1,Connor Munro,FALSE,
MON01,NWJ20,DP20260628TO20260717,DSCF0080,7/14/2026,14:35,Pale-winged Trumpeter,Psophia leucoptera,2,Connor Munro,FALSE,
MON01,NWJ20,DP20260628TO20260717,DSCF0081,7/14/2026,17:34,Pale-winged Trumpeter,Psophia leucoptera,3,Connor Munro,FALSE,
MON01,NWJ20,DP20260628TO20260717,DSCF0082,7/14/2026,17:35,Pale-winged Trumpeter,Psophia leucoptera,3,Connor Munro,FALSE,
MON01,NWJ20,DP20260628TO20260717,DSCF0083,7/14/2026,17:55,Little Tinamou,Crypturellus soui,1,Connor Munro,FALSE,
MON01,NWJ20,DP20260628TO20260717,DSCF0085,7/15/2026,17:09,Pale-winged Trumpeter,Psophia leucoptera,3,Connor Munro,FALSE,
MON01,NWJ20,DP20260628TO20260717,DSCF0086,7/15/2026,17:10,Pale-winged Trumpeter,Psophia leucoptera,3,Connor Munro,FALSE,
MON01,NWJ20,DP20260628TO20260717,DSCF0089,7/17/2026,3:19,NIne-banded Armadillo,Dasypus novemcinctus,1,Connor Munro,FALSE,
MON02,NWJ01,DP20260628TO20260717,DSCF0001,6/29/2026,4:34,Collared Pecary,Dicotyles tajacu,1,Connor Munro,FALSE,
MON02,NWJ01,DP20260628TO20260717,DSCF0002,6/29/2026,13:30,Green Acouchi,Myoprocta pratti,1,Connor Munro,FALSE,
MON02,NWJ01,DP20260628TO20260717,DSCF0003,6/29/2026,21:05,Mouse,N/A,1,Connor Munro,TRUE,
MON02,NWJ01,DP20260628TO20260717,DSCF0004,6/30/2026,10:28,Green Acouchi,Myoprocta pratti,1,Connor Munro,FALSE,
MON02,NWJ01,DP20260628TO20260717,DSCF0005,6/30/2026,12:49,Pale-winged Trumpeter,Psophia leucoptera,2,Connor Munro,FALSE,
MON02,NWJ01,DP20260628TO20260717,DSCF0006,6/30/2026,12:49,Pale-winged Trumpeter,Psophia leucoptera,1,Connor Munro,FALSE,
MON02,NWJ01,DP20260628TO20260717,DSCF0007,7/1/2026,7:34,Black Agouti,Dasyprocta fuliginosa,1,Connor Munro,FALSE,
MON02,NWJ01,DP20260628TO20260717,DSCF0008,7/1/2026,17:44,White-throated Tinamou,Tinamus guttatus,1,Connor Munro,FALSE,
MON02,NWJ01,DP20260628TO20260717,DSCF0010,7/2/2026,18:02,Green Acouchi,Myoprocta pratti,1,Connor Munro,FALSE,
MON02,NWJ01,DP20260628TO20260717,DSCF0011,7/2/2026,21:24,NIne-banded Armadillo,Dasypus novemcinctus,2,Connor Munro,FALSE,
MON02,NWJ01,DP20260628TO20260717,DSCF0012,7/3/2026,19:57,Mouse/Possum,N/A,1,Connor Munro,TRUE,
MON02,NWJ01,DP20260628TO20260717,DSCF0014,7/4/2026,9:29,Mammal,N/A,1,Connor Munro,TRUE,Not clear view of animal
MON02,NWJ01,DP20260628TO20260717,DSCF0016,7/4/2026,13:25,American Red Brocket,Mazama americana,1,Connor Munro,FALSE,
MON02,NWJ01,DP20260628TO20260717,DSCF0017,7/4/2026,13:26,American Red Brocket,Mazama americana,1,Connor Munro,FALSE,
MON02,NWJ01,DP20260628TO20260717,DSCF0018,7/4/2026,15:02,Black Agouti,Dasyprocta fuliginosa,1,Connor Munro,FALSE,
MON02,NWJ01,DP20260628TO20260717,DSCF0019,7/4/2026,16:42,American Red Brocket,Mazama americana,1,Connor Munro,FALSE,
MON02,NWJ01,DP20260628TO20260717,DSCF0020,7/4/2026,17:53,Green Acouchi,Myoprocta pratti,1,Connor Munro,FALSE,
MON02,NWJ01,DP20260628TO20260717,DSCF0021,7/4/2026,23:56,Mouse,N/A,1,Connor Munro,FALSE,
MON02,NWJ01,DP20260628TO20260717,DSCF0022,7/5/2026,17:51,Green Acouchi,Myoprocta pratti,1,Connor Munro,FALSE,
MON02,NWJ01,DP20260628TO20260717,DSCF0023,7/5/2026,22:32,Possom/Mouse,N/A,1,Connor Munro,TRUE,I don't know
MON02,NWJ01,DP20260628TO20260717,DSCF0025,7/6/2026,23:57,Possom/Mouse,N/A,1,Connor Munro,TRUE,I don't know
MON02,NWJ01,DP20260628TO20260717,DSCF0026,7/7/2026,6:57,Black Agouti,Dasyprocta fuliginosa,1,Connor Munro,TRUE,
MON02,NWJ01,DP20260628TO20260717,DSCF0027,7/7/2026,19:52,American Red Brocket,Mazama americana,1,Connor Munro,FALSE,
MON02,NWJ01,DP20260628TO20260717,DSCF0028,7/8/2026,10:52,Black Agouti,Dasyprocta fuliginosa,1,Connor Munro,FALSE,
MON02,NWJ01,DP20260628TO20260717,DSCF0029,7/8/2026,17:54,White-throated Tinamou,Tinamus guttatus,1,Connor Munro,TRUE,
MON02,NWJ01,DP20260628TO20260717,DSCF0030,7/8/2026,18:00,Green Acouchi,Myoprocta pratti,1,Connor Munro,FALSE,
MON02,NWJ01,DP20260628TO20260717,DSCF0031,7/9/2026,16:18,Black Agouti,Dasyprocta fuliginosa,1,Connor Munro,TRUE,
MON02,NWJ01,DP20260628TO20260717,DSCF0032,7/10/2026,10:22,Nocturnal Currassow,Nothocrax urumutum,4,Connor Munro,FALSE,
MON02,NWJ01,DP20260628TO20260717,DSCF0033,7/11/2026,6:44,Unknown,N/A,1,Connor Munro,TRUE,
MON02,NWJ01,DP20260628TO20260717,DSCF0034,7/11/2026,18:07,Green Acouchi,Myoprocta pratti,1,Connor Munro,FALSE,
MON02,NWJ01,DP20260628TO20260717,DSCF0035,7/11/2026,20:10,Mouse,N/A,1,Connor Munro,FALSE,
MON02,NWJ01,DP20260628TO20260717,DSCF0036,7/12/2026,6:28,Green Acouchi,Myoprocta pratti,1,Connor Munro,FALSE,
MON02,NWJ01,DP20260628TO20260717,DSCF0037,7/14/2026,15:51,Bird,N/A,1,Connor Munro,TRUE,
MON02,NWJ01,DP20260628TO20260717,DSCF0039,7/15/2026,18:16,Green Acouchi,Myoprocta pratti,1,Connor Munro,FALSE,
MON02,NWJ01,DP20260628TO20260717,DSCF0040,7/16/2026,16:35,Great Tinamou,Tinamus major,1,Connor Munro,FALSE,
MON02,NWJ01,DP20260628TO20260717,DSCF0041,7/16/2026,17:41,Green Acouchi,Myoprocta pratti,1,Connor Munro,FALSE,
MON02,NWJ01,DP20260628TO20260717,DSCF0042,7/16/2026,23:18,Possom/Mouse,N/A,1,Connor Munro,FALSE,
MON03,NWJ15,DP20260628TO20260717,DSCF0004,6/28/2026,17:15,Green Acouchi,Myoprocta pratti,1,Connor Munro,FALSE,
MON03,NWJ15,DP20260628TO20260717,DSCF0005,7/1/2026,8:34,American Red Brocket,Mazama americana,1,Connor Munro,FALSE,
MON03,NWJ15,DP20260628TO20260717,DSCF0008,7/2/2026,5:42,Deer,N/A,2,Connor Munro,FALSE,
MON03,NWJ15,DP20260628TO20260717,DSCF0009,7/4/2026,15:32,Green Acouchi,Myoprocta pratti,1,Connor Munro,FALSE,
MON03,NWJ15,DP20260628TO20260717,DSCF0011,7/5/2026,8:34,American Red Brocket,Mazama americana,1,Connor Munro,TRUE,
MON03,NWJ15,DP20260628TO20260717,DSCF0013,7/6/2026,3:10,Nine-banded Armadillo,Dasypus novemcinctus,1,Connor Munro,FALSE,
MON03,NWJ15,DP20260628TO20260717,DSCF0014,7/6/2026,3:16,Nine-banded Armadillo,Dasypus novemcinctus,1,Connor Munro,FALSE,
MON03,NWJ15,DP20260628TO20260717,DSCF0017,7/6/2026,20:40,Nine-banded Armadillo,Dasypus novemcinctus,1,Connor Munro,FALSE,
MON03,NWJ15,DP20260628TO20260717,DSCF0018,7/6/2026,20:43,Nine-banded Armadillo,Dasypus novemcinctus,1,Connor Munro,FALSE,
MON03,NWJ15,DP20260628TO20260717,DSCF0019,7/6/2026,20:44,Nine-banded Armadillo,Dasypus novemcinctus,1,Connor Munro,FALSE,
MON03,NWJ15,DP20260628TO20260717,DSCF0022,7/7/2026,8:45,Northern Amazon Red Squirrel,Hadrosciurus igniventris,1,Connor Munro,FALSE,
MON03,NWJ15,DP20260628TO20260717,DSCF0023,7/8/2026,7:03,Green Acouchi,Myoprocta pratti,1,Connor Munro,FALSE,
MON03,NWJ15,DP20260628TO20260717,DSCF0024,7/8/2026,7:04,Green Acouchi,Myoprocta pratti,1,Connor Munro,FALSE,
MON03,NWJ15,DP20260628TO20260717,DSCF0051,7/8/2026,18:16,American Red Brocket,Mazama americana,1,Connor Munro,TRUE,
MON03,NWJ15,DP20260628TO20260717,DSCF0052,7/8/2026,18:17,American Red Brocket,Mazama americana,1,Connor Munro,FALSE,
MON03,NWJ15,DP20260628TO20260717,DSCF0053,7/8/2026,18:18,American Red Brocket,Mazama americana,1,Connor Munro,FALSE,
MON03,NWJ15,DP20260628TO20260717,DSCF0056,7/9/2026,1:12,Nine-banded Armadillo,Dasypus novemcinctus,1,Connor Munro,FALSE,
MON03,NWJ15,DP20260628TO20260717,DSCF0057,7/9/2026,1:13,Nine-banded Armadillo,Dasypus novemcinctus,1,Connor Munro,FALSE,
MON03,NWJ15,DP20260628TO20260717,DSCF0060,7/9/2026,2:06,Nine-banded Armadillo,Dasypus novemcinctus,1,Connor Munro,FALSE,
MON03,NWJ15,DP20260628TO20260717,DSCF0061,7/9/2026,2:07,Nine-banded Armadillo,Dasypus novemcinctus,1,Connor Munro,FALSE,
MON03,NWJ15,DP20260628TO20260717,DSCF0062,7/9/2026,2:08,Nine-banded Armadillo,Dasypus novemcinctus,1,Connor Munro,FALSE,
MON03,NWJ15,DP20260628TO20260717,DSCF0063,7/9/2026,4:36,Nine-banded Armadillo,Dasypus novemcinctus,1,Connor Munro,FALSE,
MON03,NWJ15,DP20260628TO20260717,DSCF0064,7/9/2026,4:37,Nine-banded Armadillo,Dasypus novemcinctus,1,Connor Munro,FALSE,
MON03,NWJ15,DP20260628TO20260717,DSCF0065,7/9/2026,14:00,Northern Amazon Red Squirrel,Hadrosciurus igniventris,1,Connor Munro,FALSE,
MON03,NWJ15,DP20260628TO20260717,DSCF0066,7/10/2026,2:04,Mouse,N/A,1,Connor Munro,FALSE,
MON03,NWJ15,DP20260628TO20260717,DSCF0067,7/10/2026,4:23,Mouse,N/A,1,Connor Munro,FALSE,
MON03,NWJ15,DP20260628TO20260717,DSCF0068,7/10/2026,7:08,Pale-winged Trumpeter,Psophia leucoptera,1,Connor Munro,FALSE,
MON03,NWJ15,DP20260628TO20260717,DSCF0069,7/10/2026,11:45,Pale-winged Trumpeter,Psophia leucoptera,2,Connor Munro,FALSE,
MON03,NWJ15,DP20260628TO20260717,DSCF0070,7/10/2026,22:43,Mouse,N/A,1,Connor Munro,FALSE,
MON03,NWJ15,DP20260628TO20260717,DSCF0072,7/12/2026,12:03,Pale-winged Trumpeter,Psophia leucoptera,3,Connor Munro,FALSE,
MON03,NWJ15,DP20260628TO20260717,DSCF0073,7/12/2026,12:04,Pale-winged Trumpeter,Psophia leucoptera,1,Connor Munro,FALSE,
MON03,NWJ15,DP20260628TO20260717,DSCF0085,7/12/2026,14:11,American Red Brocket,Mazama americana,1,Connor Munro,FALSE,
MON03,NWJ15,DP20260628TO20260717,DSCF0086,7/12/2026,14:12,American Red Brocket,Mazama americana,1,Connor Munro,FALSE,
MON03,NWJ15,DP20260628TO20260717,DSCF0087,7/12/2026,14:12,American Red Brocket,Mazama americana,1,Connor Munro,FALSE,
MON03,NWJ15,DP20260628TO20260717,DSCF0088,7/12/2026,14:13,American Red Brocket,Mazama americana,1,Connor Munro,FALSE,
MON03,NWJ15,DP20260628TO20260717,DSCF0089,7/12/2026,14:14,American Red Brocket,Mazama americana,1,Connor Munro,FALSE,
MON03,NWJ15,DP20260628TO20260717,DSCF0090,7/12/2026,14:14,American Red Brocket,Mazama americana,1,Connor Munro,FALSE,
MON03,NWJ15,DP20260628TO20260717,DSCF0091,7/12/2026,14:15,American Red Brocket,Mazama americana,1,Connor Munro,FALSE,
MON03,NWJ15,DP20260628TO20260717,DSCF0092,7/12/2026,14:15,American Red Brocket,Mazama americana,1,Connor Munro,FALSE,
MON03,NWJ15,DP20260628TO20260717,DSCF0093,7/12/2026,14:16,American Red Brocket,Mazama americana,1,Connor Munro,FALSE,
MON03,NWJ15,DP20260628TO20260717,DSCF0094,7/12/2026,23:18,Mouse,N/A,1,Connor Munro,FALSE,
MON03,NWJ15,DP20260628TO20260717,DSCF0096,7/13/2026,7:34,American Red Brocket,Mazama americana,1,Connor Munro,FALSE,
MON03,NWJ15,DP20260628TO20260717,DSCF0098,7/13/2026,7:36,American Red Brocket,Mazama americana,1,Connor Munro,FALSE,
MON03,NWJ15,DP20260628TO20260717,DSCF0100,7/13/2026,21:49,Lowland Paca,Cuniculus paca,1,Connor Munro,FALSE,
MON03,NWJ15,DP20260628TO20260717,DSCF0101,7/14/2026,3:44,Jaguar,Panthera onca,1,Connor Munro,FALSE,*
MON03,NWJ15,DP20260628TO20260717,DSCF0103,7/16/2026,3:04,Lowland Paca,Cuniculus paca,1,Connor Munro,FALSE,
MON03,NWJ15,DP20260628TO20260717,DSCF0105,7/16/2026,20:34,American Red Brocket,Mazama americana,1,Connor Munro,FALSE,
MON04,NWJ11,DP20260628TO20260717,DSCF0005,6/28/2026,15:31,Green Acouchi,Myoprocta pratti,1,Connor Munro,TRUE,Accouchi's may be Agouti
MON04,NWJ11,DP20260628TO20260717,DSCF0006,6/28/2026,16:24,Green Acouchi,Myoprocta pratti,1,Connor Munro,FALSE,
MON04,NWJ11,DP20260628TO20260717,DSCF0008,6/28/2026,16:55,Green Acouchi,Myoprocta pratti,1,Connor Munro,FALSE,
MON04,NWJ11,DP20260628TO20260717,DSCF0009,6/28/2026,17:17,Green Acouchi,Myoprocta pratti,1,Connor Munro,FALSE,
MON04,NWJ11,DP20260628TO20260717,DSCF0010,6/28/2026,17:28,Green Acouchi,Myoprocta pratti,1,Connor Munro,FALSE,
MON04,NWJ11,DP20260628TO20260717,DSCF0011,6/29/2026,15:20,Green Acouchi,Myoprocta pratti,1,Connor Munro,TRUE,
MON04,NWJ11,DP20260628TO20260717,DSCF0012,6/29/2026,18:18,Green Acouchi,Myoprocta pratti,1,Connor Munro,TRUE,
MON04,NWJ11,DP20260628TO20260717,DSCF0013,6/29/2026,18:23,Green Acouchi,Myoprocta pratti,1,Connor Munro,FALSE,
MON04,NWJ11,DP20260628TO20260717,DSCF0014,6/29/2026,18:24,Green Acouchi,Myoprocta pratti,1,Connor Munro,FALSE,last 3 are the same
MON04,NWJ11,DP20260628TO20260717,DSCF0015,6/29/2026,18:26,Common Black-eared Opossum,Didelphis marsupialis,1,Connor Munro,FALSE,
MON04,NWJ11,DP20260628TO20260717,DSCF0016,7/1/2026,18:23,Green Acouchi,Myoprocta pratti,1,Connor Munro,TRUE,same as above
MON04,NWJ11,DP20260628TO20260717,DSCF0017,7/2/2026,6:14,Green Acouchi,Myoprocta pratti,1,Connor Munro,TRUE,
MON04,NWJ11,DP20260628TO20260717,DSCF0018,7/2/2026,18:23,Green Acouchi,Myoprocta pratti,1,Connor Munro,TRUE,
MON04,NWJ11,DP20260628TO20260717,DSCF0025,7/6/2026,18:01,Green Acouchi,Myoprocta pratti,1,Connor Munro,TRUE,Any above could be accouchi or Agouti at this point
MON04,NWJ11,DP20260628TO20260717,DSCF0026,7/6/2026,18:04,Green Acouchi,Myoprocta pratti,1,Connor Munro,TRUE,
MON04,NWJ11,DP20260628TO20260717,DSCF0027,7/6/2026,18:21,Green Acouchi,Myoprocta pratti,1,Connor Munro,FALSE,
MON04,NWJ11,DP20260628TO20260717,DSCF0028,7/7/2026,18:18,Green Acouchi,Myoprocta pratti,1,Connor Munro,FALSE,
MON04,NWJ11,DP20260628TO20260717,DSCF0029,7/8/2026,7:48,White-throated Tinamou,Tinamus guttatus,1,Connor Munro,FALSE,
MON04,NWJ11,DP20260628TO20260717,DSCF0030,7/8/2026,17:27,White-throated Tinamou,Tinamus guttatus,1,Connor Munro,TRUE,
MON04,NWJ11,DP20260628TO20260717,DSCF0031,7/8/2026,18:19,Green Acouchi,Myoprocta pratti,1,Connor Munro,FALSE,
MON04,NWJ11,DP20260628TO20260717,DSCF0032,7/8/2026,23:57,Lowland Paca,Cuniculus paca,1,Connor Munro,FALSE,
MON04,NWJ11,DP20260628TO20260717,DSCF0033,7/9/2026,17:54,Green Acouchi,Myoprocta pratti,1,Connor Munro,FALSE,
MON04,NWJ11,DP20260628TO20260717,DSCF0034,7/9/2026,18:20,Green Acouchi,Myoprocta pratti,1,Connor Munro,FALSE,
MON04,NWJ11,DP20260628TO20260717,DSCF0035,7/10/2026,5:59,Green Acouchi,Myoprocta pratti,1,Connor Munro,FALSE,
MON04,NWJ11,DP20260628TO20260717,DSCF0036,7/10/2026,17:55,Collared Pecary,Dicotyles tajacu,1,Connor Munro,FALSE,
MON04,NWJ11,DP20260628TO20260717,DSCF0037,7/10/2026,18:20,Green Acouchi,Myoprocta pratti,1,Connor Munro,FALSE,
MON04,NWJ11,DP20260628TO20260717,DSCF0038,7/10/2026,23:31,Southern Tamandua,Temandua tetradactyla,1,Connor Munro,FALSE,
MON04,NWJ11,DP20260628TO20260717,DSCF0039,7/11/2026,21:04,Common Black-eared Opossum,Didelphis marsupialis,1,Connor Munro,FALSE,
MON04,NWJ11,DP20260628TO20260717,DSCF0040,7/12/2026,17:50,Green Acouchi,Myoprocta pratti,1,Connor Munro,FALSE,
MON04,NWJ11,DP20260628TO20260717,DSCF0041,7/12/2026,18:25,Green Acouchi,Myoprocta pratti,1,Connor Munro,FALSE,
MON04,NWJ11,DP20260628TO20260717,DSCF0043,7/13/2026,17:46,Collared Pecary,Dicotyles tajacu,1,Connor Munro,FALSE,
MON04,NWJ11,DP20260628TO20260717,DSCF0045,7/14/2026,6:05,Green Acouchi,Myoprocta pratti,1,Connor Munro,FALSE,
MON04,NWJ11,DP20260628TO20260717,DSCF0048,7/14/2026,18:26,Green Acouchi,Myoprocta pratti,1,Connor Munro,FALSE,
MON04,NWJ11,DP20260628TO20260717,DSCF0049,7/14/2026,18:53,Common Black-eared Opossum,Didelphis marsupialis,1,Connor Munro,FALSE,
MON04,NWJ11,DP20260628TO20260717,DSCF0050,7/14/2026,18:54,Common Black-eared Opossum,Didelphis marsupialis,1,Connor Munro,FALSE,
MON05,NWJ13,DP20260628TO20260717,DSCF0003,6/29/2026,17:51,Salvin's Currasow,Mitu salvini,2,Connor Munro,FALSE,
MON05,NWJ13,DP20260628TO20260717,DSCF0004,6/29/2026,17:52,Salvin's Currasow,Mitu salvini,3,Connor Munro,FALSE,
MON05,NWJ13,DP20260628TO20260717,DSCF0005,6/29/2026,17:52,Salvin's Currasow,Mitu salvini,3,Connor Munro,FALSE,
MON05,NWJ13,DP20260628TO20260717,DSCF0006,6/29/2026,17:53,Salvin's Currasow,Mitu salvini,3,Connor Munro,FALSE,
MON05,NWJ13,DP20260628TO20260717,DSCF0007,6/29/2026,17:55,Salvin's Currasow,Mitu salvini,1,Connor Munro,FALSE,
MON05,NWJ13,DP20260628TO20260717,DSCF0009,7/1/2026,16:00,Foal,N/A,1,Connor Munro,TRUE,Red or Brown Brocket
MON05,NWJ13,DP20260628TO20260717,DSCF0010,7/7/2026,8:43,Collared Pecary,Dicotyles tajacu,1,Connor Munro,FALSE,
MON05,NWJ13,DP20260628TO20260717,DSCF0011,7/9/2026,20:56,Mouse,N/A,1,Connor Munro,FALSE,
MON05,NWJ13,DP20260628TO20260717,DSCF0012,7/10/2026,18:11,Collared Pecary,Dicotyles tajacu,1,Connor Munro,FALSE,
MON05,NWJ13,DP20260628TO20260717,DSCF0013,7/12/2026,11:57,Murelia Brown Brocket,Mazama nemorivaga,1,Connor Munro,FALSE,
MON05,NWJ13,DP20260628TO20260717,DSCF0014,7/13/2026,1:01,Lowland Paca,Cuniculus paca,1,Connor Munro,FALSE,
MON05,NWJ13,DP20260628TO20260717,DSCF0016,7/14/2026,12:55,Pale-winged Trumpeter,Psophia leucoptera,1,Connor Munro,FALSE,
MON05,NWJ13,DP20260628TO20260717,DSCF0017,7/15/2026,0:37,Mouse,N/A,1,Connor Munro,FALSE,
MON05,NWJ13,DP20260628TO20260717,DSCF0018,7/15/2026,18:05,Salvin's Currasow,Mitu salvini,2,Connor Munro,FALSE,
MON05,NWJ13,DP20260628TO20260717,DSCF0019,7/15/2026,18:08,Salvin's Currasow,Mitu salvini,2,Connor Munro,FALSE,
MON05,NWJ13,DP20260628TO20260717,DSCF0020,7/16/2026,3:27,Lowland Tapir,Tapirus terrestris,1,Connor Munro,FALSE,
MON06,NWJ08,DP20260628TO20260717,DSCF0005,6/29/2026,6:58,Black Agouti,Dasyprocta fuliginosa,1,Connor Munro,FALSE,
MON06,NWJ08,DP20260628TO20260717,DSCF0006,6/29/2026,13:37,Black Agouti,Dasyprocta fuliginosa,1,Connor Munro,FALSE,
MON06,NWJ08,DP20260628TO20260717,DSCF0008,6/30/2026,7:25,Salvin's Currasow,Mitu salvini,1,Connor Munro,FALSE,
MON06,NWJ08,DP20260628TO20260717,DSCF0009,6/30/2026,7:25,Salvin's Currasow,Mitu salvini,1,Connor Munro,FALSE,
MON06,NWJ08,DP20260628TO20260717,DSCF0010,6/30/2026,7:26,Salvin's Currasow,Mitu salvini,1,Connor Munro,FALSE,
MON06,NWJ08,DP20260628TO20260717,DSCF0012,6/30/2026,17:49,American Red Brocket,Mazama americana,1,Connor Munro,FALSE,
MON06,NWJ08,DP20260628TO20260717,DSCF0013,6/30/2026,19:11,Mouse,N/A,1,Connor Munro,TRUE,
MON06,NWJ08,DP20260628TO20260717,DSCF0014,6/30/2026,21:19,Mouse,N/A,1,Connor Munro,TRUE,
MON06,NWJ08,DP20260628TO20260717,DSCF0015,6/30/2026,23:35,American Red Brocket,Mazama americana,1,Connor Munro,FALSE,
MON06,NWJ08,DP20260628TO20260717,DSCF0016,7/1/2026,7:51,Black Agouti,Dasyprocta fuliginosa,1,Connor Munro,FALSE,
MON06,NWJ08,DP20260628TO20260717,DSCF0017,7/1/2026,15:52,Black Agouti,Dasyprocta fuliginosa,1,Connor Munro,FALSE,
MON06,NWJ08,DP20260628TO20260717,DSCF0018,7/1/2026,22:43,Mouse,N/A,1,Connor Munro,FALSE,
MON06,NWJ08,DP20260628TO20260717,DSCF0019,7/2/2026,17:22,Black Agouti,Dasyprocta fuliginosa,1,Connor Munro,FALSE,
MON06,NWJ08,DP20260628TO20260717,DSCF0020,7/2/2026,21:11,Lowland Paca,Cuniculus paca,1,Connor Munro,FALSE,
MON06,NWJ08,DP20260628TO20260717,DSCF0021,7/2/2026,21:11,Lowland Paca,Cuniculus paca,1,Connor Munro,FALSE,
MON06,NWJ08,DP20260628TO20260717,DSCF0023,7/3/2026,20:29,Lowland Paca,Cuniculus paca,1,Connor Munro,FALSE,
MON06,NWJ08,DP20260628TO20260717,DSCF0024,7/3/2026,23:34,Mouse,N/A,1,Connor Munro,TRUE,
MON06,NWJ08,DP20260628TO20260717,DSCF0025,7/3/2026,23:34,Mouse,N/A,1,Connor Munro,TRUE,
MON06,NWJ08,DP20260628TO20260717,DSCF0026,7/4/2026,11:05,Black Agouti,Dasyprocta fuliginosa,1,Connor Munro,FALSE,
MON06,NWJ08,DP20260628TO20260717,DSCF0028,7/4/2026,12:37,Green Acouchi,Myoprocta pratti,1,Connor Munro,TRUE,
MON06,NWJ08,DP20260628TO20260717,DSCF0030,7/4/2026,21:54,Mouse/Possum,N/A,1,Connor Munro,TRUE,
MON06,NWJ08,DP20260628TO20260717,DSCF0031,7/5/2026,19:24,Mouse/Possum,N/A,1,Connor Munro,TRUE,
MON06,NWJ08,DP20260628TO20260717,DSCF0033,7/5/2026,22:18,Nine Banded Armadillo,Dasypus novemcinctus,1,Connor Munro,FALSE,
MON06,NWJ08,DP20260628TO20260717,DSCF0034,7/5/2026,22:19,Nine Banded Armadillo,Dasypus novemcinctus,1,Connor Munro,FALSE,
MON06,NWJ08,DP20260628TO20260717,DSCF0035,7/5/2026,22:19,Nine Banded Armadillo,Dasypus novemcinctus,1,Connor Munro,FALSE,
MON06,NWJ08,DP20260628TO20260717,DSCF0036,7/5/2026,22:20,Nine Banded Armadillo,Dasypus novemcinctus,1,Connor Munro,FALSE,
MON06,NWJ08,DP20260628TO20260717,DSCF0037,7/6/2026,7:00,Black Agouti,Dasyprocta fuliginosa,1,Connor Munro,FALSE,
MON06,NWJ08,DP20260628TO20260717,DSCF0040,7/7/2026,14:51,Black Agouti,Dasyprocta fuliginosa,1,Connor Munro,FALSE,
MON06,NWJ08,DP20260628TO20260717,DSCF0042,7/8/2026,2:48,Nine Banded Armadillo,Dasypus novemcinctus,1,Connor Munro,FALSE,
MON06,NWJ08,DP20260628TO20260717,DSCF0043,7/8/2026,2:49,Nine Banded Armadillo,Dasypus novemcinctus,1,Connor Munro,FALSE,
MON06,NWJ08,DP20260628TO20260717,DSCF0048,7/8/2026,19:16,Mouse/Possum,N/A,1,Connor Munro,TRUE,
MON06,NWJ08,DP20260628TO20260717,DSCF0050,7/9/2026,3:57,Mouse/Possum,N/A,1,Connor Munro,FALSE,
MON06,NWJ08,DP20260628TO20260717,DSCF0053,7/9/2026,17:26,Pale-winged Trumpeter,Psophia leucoptera,1,Connor Munro,FALSE,
MON06,NWJ08,DP20260628TO20260717,DSCF0054,7/9/2026,17:27,Pale-winged Trumpeter,Psophia leucoptera,1,Connor Munro,FALSE,
MON06,NWJ08,DP20260628TO20260717,DSCF0055,7/10/2026,6:41,Green Acouchi,Myoprocta pratti,1,Connor Munro,FALSE,
MON06,NWJ08,DP20260628TO20260717,DSCF0056,7/11/2026,6:27,Green Acouchi,Myoprocta pratti,1,Connor Munro,FALSE,
MON06,NWJ08,DP20260628TO20260717,DSCF0057,7/11/2026,6:39,Green Acouchi,Myoprocta pratti,1,Connor Munro,FALSE,
MON06,NWJ08,DP20260628TO20260717,DSCF0062,7/12/2026,16:17,Pale-winged Trumpeter,Psophia leucoptera,1,Connor Munro,FALSE,
MON06,NWJ08,DP20260628TO20260717,DSCF0063,7/13/2026,0:50,Lowland Paca,Cuniculus paca,1,Connor Munro,FALSE,
MON06,NWJ08,DP20260628TO20260717,DSCF0064,7/13/2026,1:11,Ocelot,Lepardus paradalis,1,Connor Munro,FALSE,*
MON06,NWJ08,DP20260628TO20260717,DSCF0066,7/13/2026,17:47,Pale-winged Trumpeter,Psophia leucoptera,2,Connor Munro,FALSE,
MON06,NWJ08,DP20260628TO20260717,DSCF0067,7/13/2026,22:42,Lowland Paca,Cuniculus paca,1,Connor Munro,FALSE,
MON06,NWJ08,DP20260628TO20260717,DSCF0069,7/14/2026,14:06,Black Agouti,Dasyprocta fuliginosa,1,Connor Munro,FALSE,
MON06,NWJ08,DP20260628TO20260717,DSCF0070,7/14/2026,14:07,Black Agouti,Dasyprocta fuliginosa,2,Connor Munro,FALSE,
MON06,NWJ08,DP20260628TO20260717,DSCF0071,7/14/2026,14:12,Black Agouti,Dasyprocta fuliginosa,1,Connor Munro,FALSE,
MON06,NWJ08,DP20260628TO20260717,DSCF0072,7/14/2026,18:00,Green Acouchi,Myoprocta pratti,1,Connor Munro,FALSE,
MON06,NWJ08,DP20260628TO20260717,DSCF0074,7/15/2026,11:57,Pale-winged Trumpeter,Psophia leucoptera,1,Connor Munro,FALSE,
MON06,NWJ08,DP20260628TO20260717,DSCF0075,7/16/2026,8:38,Unknown,N/A,1,Connor Munro,TRUE,can't ID
MON07,NWJ16,DP20260628TO20260717,DSCF0016,6/29/2026,7:25,Green Acouchi,Myoprocta pratti,1,Connor Munro,FALSE,
MON07,NWJ16,DP20260628TO20260717,DSCF0017,6/29/2026,17:34,Nocturnal Currassow,Nothocrax urumutum,2,Connor Munro,FALSE,
MON07,NWJ16,DP20260628TO20260717,DSCF0018,6/29/2026,17:36,Nocturnal Currassow,Nothocrax urumutum,2,Connor Munro,FALSE,
MON07,NWJ16,DP20260628TO20260717,DSCF0019,6/29/2026,17:37,Nocturnal Currassow,Nothocrax urumutum,2,Connor Munro,FALSE,
MON07,NWJ16,DP20260628TO20260717,DSCF0020,6/29/2026,17:37,Nocturnal Currassow,Nothocrax urumutum,2,Connor Munro,FALSE,
MON07,NWJ16,DP20260628TO20260717,DSCF0021,6/29/2026,17:42,Nocturnal Currassow,Nothocrax urumutum,2,Connor Munro,FALSE,
MON07,NWJ16,DP20260628TO20260717,DSCF0022,6/29/2026,17:43,Nocturnal Currassow,Nothocrax urumutum,1,Connor Munro,FALSE,
MON07,NWJ16,DP20260628TO20260717,DSCF0023,6/29/2026,17:44,Nocturnal Currassow,Nothocrax urumutum,1,Connor Munro,FALSE,
MON07,NWJ16,DP20260628TO20260717,DSCF0024,6/29/2026,18:03,Nocturnal Currassow,Nothocrax urumutum,1,Connor Munro,FALSE,
MON07,NWJ16,DP20260628TO20260717,DSCF0025,6/30/2026,3:04,Mouse,N/A,1,Connor Munro,FALSE,
MON07,NWJ16,DP20260628TO20260717,DSCF0028,6/30/2026,7:49,Unknown,N/A,1,Connor Munro,TRUE,can't ID
MON07,NWJ16,DP20260628TO20260717,DSCF0030,6/30/2026,7:51,Nocturnal Currassow,Nothocrax urumutum,1,Connor Munro,FALSE,
MON07,NWJ16,DP20260628TO20260717,DSCF0031,6/30/2026,10:23,Nocturnal Currassow,Nothocrax urumutum,2,Connor Munro,FALSE,
MON07,NWJ16,DP20260628TO20260717,DSCF0032,6/30/2026,10:25,Nocturnal Currassow,Nothocrax urumutum,2,Connor Munro,FALSE,
MON07,NWJ16,DP20260628TO20260717,DSCF0033,6/30/2026,16:00,Nocturnal Currassow,Nothocrax urumutum,1,Connor Munro,FALSE,
MON07,NWJ16,DP20260628TO20260717,DSCF0034,6/30/2026,16:02,Nocturnal Currassow,Nothocrax urumutum,1,Connor Munro,FALSE,
MON07,NWJ16,DP20260628TO20260717,DSCF0035,6/30/2026,16:15,Pale-winged Trumpeter,Psophia leucoptera,1,Connor Munro,FALSE,
MON07,NWJ16,DP20260628TO20260717,DSCF0037,7/1/2026,6:24,Little Tinamou,Crypturellus soui,1,Connor Munro,FALSE,
MON07,NWJ16,DP20260628TO20260717,DSCF0038,7/1/2026,7:49,Little Tinamou,Crypturellus soui,2,Connor Munro,FALSE,
MON07,NWJ16,DP20260628TO20260717,DSCF0039,7/1/2026,7:50,Little Tinamou,Crypturellus soui,1,Connor Munro,FALSE,
MON07,NWJ16,DP20260628TO20260717,DSCF0040,7/1/2026,10:10,Northern Amazon Red Squirrel,Hadrosciurus igniventris,1,Connor Munro,FALSE,
MON07,NWJ16,DP20260628TO20260717,DSCF0043,7/2/2026,17:33,Nocturnal Currassow,Nothocrax urumutum,1,Connor Munro,FALSE,
MON07,NWJ16,DP20260628TO20260717,DSCF0044,7/2/2026,18:09,Nocturnal Currassow,Nothocrax urumutum,1,Connor Munro,FALSE,
MON07,NWJ16,DP20260628TO20260717,DSCF0045,7/2/2026,18:10,Nocturnal Currassow,Nothocrax urumutum,1,Connor Munro,FALSE,
MON07,NWJ16,DP20260628TO20260717,DSCF0046,7/3/2026,6:07,Nocturnal Currassow,Nothocrax urumutum,1,Connor Munro,FALSE,
MON07,NWJ16,DP20260628TO20260717,DSCF0047,7/3/2026,6:08,Nocturnal Currassow,Nothocrax urumutum,1,Connor Munro,FALSE,
MON07,NWJ16,DP20260628TO20260717,DSCF0048,7/3/2026,6:10,Nocturnal Currassow,Nothocrax urumutum,1,Connor Munro,FALSE,
MON07,NWJ16,DP20260628TO20260717,DSCF0051,7/3/2026,17:43,Nocturnal Currassow,Nothocrax urumutum,1,Connor Munro,FALSE,
MON07,NWJ16,DP20260628TO20260717,DSCF0057,7/3/2026,17:56,Nocturnal Currassow,Nothocrax urumutum,1,Connor Munro,FALSE,
MON07,NWJ16,DP20260628TO20260717,DSCF0058,7/3/2026,17:57,Nocturnal Currassow,Nothocrax urumutum,1,Connor Munro,FALSE,
MON07,NWJ16,DP20260628TO20260717,DSCF0059,7/3/2026,17:58,Nocturnal Currassow,Nothocrax urumutum,1,Connor Munro,FALSE,
MON07,NWJ16,DP20260628TO20260717,DSCF0060,7/3/2026,18:01,Nocturnal Currassow,Nothocrax urumutum,1,Connor Munro,FALSE,
MON07,NWJ16,DP20260628TO20260717,DSCF0061,7/4/2026,0:30,Unknown,N/A,1,Connor Munro,TRUE,No idea
MON07,NWJ16,DP20260628TO20260717,DSCF0063,7/4/2026,16:38,Nocturnal Currassow,Nothocrax urumutum,2,Connor Munro,FALSE,
MON07,NWJ16,DP20260628TO20260717,DSCF0064,7/4/2026,16:38,Nocturnal Currassow,Nothocrax urumutum,2,Connor Munro,FALSE,
MON07,NWJ16,DP20260628TO20260717,DSCF0065,7/4/2026,16:39,Nocturnal Currassow,Nothocrax urumutum,2,Connor Munro,FALSE,
MON07,NWJ16,DP20260628TO20260717,DSCF0066,7/4/2026,16:39,Nocturnal Currassow,Nothocrax urumutum,2,Connor Munro,FALSE,
MON07,NWJ16,DP20260628TO20260717,DSCF0067,7/4/2026,17:12,Nocturnal Currassow,Nothocrax urumutum,1,Connor Munro,FALSE,
MON07,NWJ16,DP20260628TO20260717,DSCF0068,7/4/2026,17:13,Nocturnal Currassow,Nothocrax urumutum,1,Connor Munro,FALSE,
MON07,NWJ16,DP20260628TO20260717,DSCF0069,7/5/2026,8:50,Salvin's Currasow,Mitu salvini,2,Connor Munro,FALSE,
MON07,NWJ16,DP20260628TO20260717,DSCF0070,7/5/2026,8:51,Salvin's Currasow,Mitu salvini,2,Connor Munro,FALSE,
MON07,NWJ16,DP20260628TO20260717,DSCF0071,7/5/2026,8:51,Salvin's Currasow,Mitu salvini,2,Connor Munro,FALSE,
MON07,NWJ16,DP20260628TO20260717,DSCF0072,7/5/2026,8:52,Salvin's Currasow,Mitu salvini,2,Connor Munro,FALSE,
MON07,NWJ16,DP20260628TO20260717,DSCF0073,7/5/2026,8:52,Salvin's Currasow,Mitu salvini,1,Connor Munro,FALSE,
MON07,NWJ16,DP20260628TO20260717,DSCF0074,7/5/2026,8:53,Salvin's Currasow,Mitu salvini,2,Connor Munro,FALSE,
MON07,NWJ16,DP20260628TO20260717,DSCF0075,7/5/2026,8:54,Salvin's Currasow,Mitu salvini,2,Connor Munro,FALSE,
MON07,NWJ16,DP20260628TO20260717,DSCF0076,7/5/2026,9:01,Salvin's Currasow,Mitu salvini,1,Connor Munro,FALSE,
MON07,NWJ16,DP20260628TO20260717,DSCF0077,7/5/2026,9:02,Salvin's Currasow,Mitu salvini,1,Connor Munro,FALSE,
MON07,NWJ16,DP20260628TO20260717,DSCF0078,7/5/2026,9:03,Salvin's Currasow,Mitu salvini,1,Connor Munro,FALSE,
MON07,NWJ16,DP20260628TO20260717,DSCF0080,7/5/2026,18:13,Nocturnal Currassow,Nothocrax urumutum,2,Connor Munro,FALSE,
MON07,NWJ16,DP20260628TO20260717,DSCF0081,7/5/2026,18:13,Nocturnal Currassow,Nothocrax urumutum,2,Connor Munro,FALSE,
MON07,NWJ16,DP20260628TO20260717,DSCF0082,7/5/2026,18:14,Nocturnal Currassow,Nothocrax urumutum,1,Connor Munro,FALSE,
MON07,NWJ16,DP20260628TO20260717,DSCF0085,7/5/2026,22:01,Lowland Paca,Cuniculus Paca,1,Connor Munro,FALSE,
MON07,NWJ16,DP20260628TO20260717,DSCF0088,7/6/2026,17:43,Nocturnal Currassow,Nothocrax urumutum,2,Connor Munro,FALSE,
MON07,NWJ16,DP20260628TO20260717,DSCF0089,7/6/2026,17:44,Nocturnal Currassow,Nothocrax urumutum,2,Connor Munro,FALSE,
MON07,NWJ16,DP20260628TO20260717,DSCF0090,7/6/2026,18:06,Nocturnal Currassow,Nothocrax urumutum,2,Connor Munro,FALSE,
MON07,NWJ16,DP20260628TO20260717,DSCF0091,7/6/2026,18:06,Nocturnal Currassow,Nothocrax urumutum,2,Connor Munro,FALSE,
MON07,NWJ16,DP20260628TO20260717,DSCF0092,7/6/2026,18:07,Nocturnal Currassow,Nothocrax urumutum,1,Connor Munro,FALSE,
MON07,NWJ16,DP20260628TO20260717,DSCF0093,7/6/2026,18:08,Nocturnal Currassow,Nothocrax urumutum,1,Connor Munro,FALSE,
MON07,NWJ16,DP20260628TO20260717,DSCF0094,7/6/2026,18:10,Nocturnal Currassow,Nothocrax urumutum,1,Connor Munro,FALSE,
MON07,NWJ16,DP20260628TO20260717,DSCF0095,7/6/2026,18:11,Nocturnal Currassow,Nothocrax urumutum,1,Connor Munro,FALSE,
MON07,NWJ16,DP20260628TO20260717,DSCF0096,7/6/2026,18:12,Nocturnal Currassow,Nothocrax urumutum,1,Connor Munro,FALSE,
MON07,NWJ16,DP20260628TO20260717,DSCF0097,7/6/2026,18:13,Nocturnal Currassow,Nothocrax urumutum,2,Connor Munro,FALSE,
MON07,NWJ16,DP20260628TO20260717,DSCF0098,7/6/2026,18:15,Nocturnal Currassow,Nothocrax urumutum,2,Connor Munro,FALSE,
MON07,NWJ16,DP20260628TO20260717,DSCF0099,7/6/2026,18:16,Nocturnal Currassow,Nothocrax urumutum,2,Connor Munro,FALSE,
MON07,NWJ16,DP20260628TO20260717,DSCF0100,7/6/2026,18:19,Nocturnal Currassow,Nothocrax urumutum,2,Connor Munro,FALSE,
MON07,NWJ16,DP20260628TO20260717,DSCF0101,7/6/2026,18:20,Nocturnal Currassow,Nothocrax urumutum,2,Connor Munro,FALSE,
MON07,NWJ16,DP20260628TO20260717,DSCF0102,7/6/2026,22:08,American Red Brocket,Mazama american,1,Connor Munro,TRUE,could be other type of deer
MON07,NWJ16,DP20260628TO20260717,DSCF0103,7/6/2026,22:09,American Red Brocket,Mazama american,1,Connor Munro,FALSE,
MON07,NWJ16,DP20260628TO20260717,DSCF0104,7/6/2026,22:10,American Red Brocket,Mazama american,1,Connor Munro,FALSE,
MON07,NWJ16,DP20260628TO20260717,DSCF0105,7/6/2026,22:12,American Red Brocket,Mazama american,1,Connor Munro,FALSE,
MON07,NWJ16,DP20260628TO20260717,DSCF0106,7/7/2026,1:21,American Red Brocket,Mazama american,1,Connor Munro,FALSE,
MON07,NWJ16,DP20260628TO20260717,DSCF0107,7/7/2026,1:23,American Red Brocket,Mazama american,1,Connor Munro,FALSE,
MON07,NWJ16,DP20260628TO20260717,DSCF0108,7/7/2026,1:24,American Red Brocket,Mazama american,1,Connor Munro,FALSE,
MON07,NWJ16,DP20260628TO20260717,DSCF0109,7/7/2026,1:25,American Red Brocket,Mazama american,1,Connor Munro,FALSE,
MON07,NWJ16,DP20260628TO20260717,DSCF0110,7/7/2026,1:26,American Red Brocket,Mazama american,1,Connor Munro,FALSE,
MON07,NWJ16,DP20260628TO20260717,DSCF0111,7/7/2026,1:28,American Red Brocket,Mazama american,1,Connor Munro,FALSE,
MON07,NWJ16,DP20260628TO20260717,DSCF0112,7/7/2026,1:29,American Red Brocket,Mazama american,1,Connor Munro,FALSE,
MON07,NWJ16,DP20260628TO20260717,DSCF0113,7/7/2026,1:30,American Red Brocket,Mazama american,1,Connor Munro,FALSE,
MON07,NWJ16,DP20260628TO20260717,DSCF0114,7/7/2026,1:32,American Red Brocket,Mazama american,1,Connor Munro,FALSE,
MON07,NWJ16,DP20260628TO20260717,DSCF0115,7/7/2026,1:32,American Red Brocket,Mazama american,1,Connor Munro,FALSE,
MON07,NWJ16,DP20260628TO20260717,DSCF0116,7/7/2026,1:35,American Red Brocket,Mazama american,1,Connor Munro,FALSE,
MON07,NWJ16,DP20260628TO20260717,DSCF0117,7/7/2026,1:35,American Red Brocket,Mazama american,1,Connor Munro,FALSE,
MON07,NWJ16,DP20260628TO20260717,DSCF0118,7/7/2026,1:36,American Red Brocket,Mazama american,1,Connor Munro,FALSE,
MON07,NWJ16,DP20260628TO20260717,DSCF0119,7/7/2026,1:37,American Red Brocket,Mazama american,1,Connor Munro,FALSE,
MON07,NWJ16,DP20260628TO20260717,DSCF0120,7/7/2026,1:38,American Red Brocket,Mazama american,1,Connor Munro,FALSE,
MON07,NWJ16,DP20260628TO20260717,DSCF0121,7/7/2026,1:39,American Red Brocket,Mazama american,1,Connor Munro,FALSE,
MON07,NWJ16,DP20260628TO20260717,DSCF0122,7/7/2026,2:38,American Red Brocket,Mazama american,1,Connor Munro,FALSE,
MON07,NWJ16,DP20260628TO20260717,DSCF0123,7/7/2026,2:40,American Red Brocket,Mazama american,1,Connor Munro,FALSE,
MON07,NWJ16,DP20260628TO20260717,DSCF0124,7/7/2026,2:41,American Red Brocket,Mazama american,1,Connor Munro,FALSE,
MON07,NWJ16,DP20260628TO20260717,DSCF0125,7/7/2026,2:43,American Red Brocket,Mazama american,1,Connor Munro,FALSE,
MON07,NWJ16,DP20260628TO20260717,DSCF0126,7/7/2026,2:43,American Red Brocket,Mazama american,1,Connor Munro,FALSE,
MON07,NWJ16,DP20260628TO20260717,DSCF0127,7/7/2026,2:44,American Red Brocket,Mazama american,1,Connor Munro,FALSE,
MON07,NWJ16,DP20260628TO20260717,DSCF0128,7/7/2026,2:45,American Red Brocket,Mazama american,1,Connor Munro,TRUE,"btw this note and the last, same animal"
MON07,NWJ16,DP20260628TO20260717,DSCF0129,7/7/2026,4:38,Mouse,N/A,1,Connor Munro,TRUE,
MON07,NWJ16,DP20260628TO20260717,DSCF0130,7/7/2026,4:57,Mouse,N/A,1,Connor Munro,TRUE,
MON07,NWJ16,DP20260628TO20260717,DSCF0131,7/7/2026,5:11,Lowland Tapir,Tapirus terrestris,1,Connor Munro,FALSE,
MON07,NWJ16,DP20260628TO20260717,DSCF0134,7/7/2026,7:10,Salvin's Currasow,Mitu salvini,2,Connor Munro,FALSE,
MON07,NWJ16,DP20260628TO20260717,DSCF0135,7/7/2026,7:11,Salvin's Currasow,Mitu salvini,2,Connor Munro,FALSE,
MON07,NWJ16,DP20260628TO20260717,DSCF0136,7/7/2026,7:11,Salvin's Currasow,Mitu salvini,2,Connor Munro,FALSE,
MON07,NWJ16,DP20260628TO20260717,DSCF0137,7/7/2026,7:12,Salvin's Currasow,Mitu salvini,2,Connor Munro,FALSE,
MON07,NWJ16,DP20260628TO20260717,DSCF0138,7/7/2026,7:13,Salvin's Currasow,Mitu salvini,2,Connor Munro,FALSE,
MON07,NWJ16,DP20260628TO20260717,DSCF0139,7/7/2026,7:13,Salvin's Currasow,Mitu salvini,2,Connor Munro,FALSE,
MON07,NWJ16,DP20260628TO20260717,DSCF0141,7/7/2026,16:13,Nocturnal Currassow,Nothocrax urumutum,2,Connor Munro,FALSE,
MON07,NWJ16,DP20260628TO20260717,DSCF0142,7/7/2026,16:13,Nocturnal Currassow,Nothocrax urumutum,2,Connor Munro,FALSE,
MON07,NWJ16,DP20260628TO20260717,DSCF0143,7/7/2026,16:14,Nocturnal Currassow,Nothocrax urumutum,1,Connor Munro,FALSE,
MON07,NWJ16,DP20260628TO20260717,DSCF0144,7/7/2026,16:16,Nocturnal Currassow,Nothocrax urumutum,2,Connor Munro,FALSE,
MON07,NWJ16,DP20260628TO20260717,DSCF0146,7/7/2026,16:30,Nocturnal Currassow,Nothocrax urumutum,2,Connor Munro,FALSE,
MON07,NWJ16,DP20260628TO20260717,DSCF0147,7/7/2026,16:31,Nocturnal Currassow,Nothocrax urumutum,2,Connor Munro,FALSE,
MON07,NWJ16,DP20260628TO20260717,DSCF0148,7/7/2026,17:04,Nocturnal Currassow,Nothocrax urumutum,2,Connor Munro,FALSE,
MON07,NWJ16,DP20260628TO20260717,DSCF0149,7/7/2026,17:04,Nocturnal Currassow,Nothocrax urumutum,1,Connor Munro,FALSE,
MON07,NWJ16,DP20260628TO20260717,DSCF0150,7/7/2026,17:05,Nocturnal Currassow,Nothocrax urumutum,2,Connor Munro,FALSE,
MON07,NWJ16,DP20260628TO20260717,DSCF0151,7/7/2026,17:06,Nothing,N/A,0,Connor Munro,TRUE,Can't find animal 
MON07,NWJ16,DP20260628TO20260717,DSCF0152,7/7/2026,17:13,Nocturnal Currassow,Nothocrax urumutum,1,Connor Munro,FALSE,
MON07,NWJ16,DP20260628TO20260717,DSCF0153,7/7/2026,17:14,Nocturnal Currassow,Nothocrax urumutum,2,Connor Munro,FALSE,
MON07,NWJ16,DP20260628TO20260717,DSCF0154,7/7/2026,20:18,American Red Brocket,Mazama american,1,Connor Munro,TRUE,Unknown type of deer (like before)
MON07,NWJ16,DP20260628TO20260717,DSCF0155,7/7/2026,20:19,American Red Brocket,Mazama american,1,Connor Munro,FALSE,
MON07,NWJ16,DP20260628TO20260717,DSCF0156,7/7/2026,20:20,American Red Brocket,Mazama american,1,Connor Munro,FALSE,
MON07,NWJ16,DP20260628TO20260717,DSCF0157,7/7/2026,20:21,American Red Brocket,Mazama american,1,Connor Munro,FALSE,
MON07,NWJ16,DP20260628TO20260717,DSCF0158,7/7/2026,20:22,American Red Brocket,Mazama american,1,Connor Munro,FALSE,
MON07,NWJ16,DP20260628TO20260717,DSCF0159,7/7/2026,20:24,American Red Brocket,Mazama american,1,Connor Munro,TRUE,same as above
MON07,NWJ16,DP20260628TO20260717,DSCF0160,7/7/2026,20:44,Lowland Tapir,Tapirus terrestris,1,Connor Munro,FALSE,
MON07,NWJ16,DP20260628TO20260717,DSCF0161,7/7/2026,20:45,Lowland Tapir,Tapirus terrestris,1,Connor Munro,FALSE,
MON07,NWJ16,DP20260628TO20260717,DSCF0163,7/8/2026,0:55,American Red Brocket,Mazama american,1,Connor Munro,TRUE,unknown deer type
MON07,NWJ16,DP20260628TO20260717,DSCF0164,7/8/2026,0:55,American Red Brocket,Mazama american,1,Connor Munro,FALSE,
MON07,NWJ16,DP20260628TO20260717,DSCF0165,7/8/2026,0:56,American Red Brocket,Mazama american,1,Connor Munro,FALSE,
MON07,NWJ16,DP20260628TO20260717,DSCF0166,7/8/2026,0:57,American Red Brocket,Mazama american,1,Connor Munro,FALSE,
MON07,NWJ16,DP20260628TO20260717,DSCF0167,7/8/2026,0:57,American Red Brocket,Mazama american,1,Connor Munro,FALSE,
MON07,NWJ16,DP20260628TO20260717,DSCF0168,7/8/2026,0:58,American Red Brocket,Mazama american,1,Connor Munro,FALSE,
MON07,NWJ16,DP20260628TO20260717,DSCF0169,7/8/2026,0:59,American Red Brocket,Mazama american,1,Connor Munro,TRUE,same as above
MON07,NWJ16,DP20260628TO20260717,DSCF0171,7/8/2026,16:01,Salvin's Currasow,Mitu salvini,1,Connor Munro,FALSE,
MON07,NWJ16,DP20260628TO20260717,DSCF0173,7/8/2026,16:20,Salvin's Currasow,Mitu salvini,2,Connor Munro,FALSE,
MON07,NWJ16,DP20260628TO20260717,DSCF0174,7/8/2026,16:21,Salvin's Currasow,Mitu salvini,2,Connor Munro,FALSE,
MON07,NWJ16,DP20260628TO20260717,DSCF0175,7/8/2026,16:21,Salvin's Currasow,Mitu salvini,1,Connor Munro,FALSE,
MON07,NWJ16,DP20260628TO20260717,DSCF0176,7/8/2026,16:22,Salvin's Currasow,Mitu salvini,1,Connor Munro,FALSE,
MON07,NWJ16,DP20260628TO20260717,DSCF0177,7/8/2026,17:14,Nocturnal Currassow,Nothocrax urumutum,2,Connor Munro,FALSE,
MON07,NWJ16,DP20260628TO20260717,DSCF0180,7/8/2026,17:17,Nocturnal Currassow,Nothocrax urumutum,2,Connor Munro,FALSE,
MON07,NWJ16,DP20260628TO20260717,DSCF0181,7/8/2026,17:18,Nocturnal Currassow,Nothocrax urumutum,1,Connor Munro,FALSE,
MON07,NWJ16,DP20260628TO20260717,DSCF0182,7/8/2026,17:19,Nocturnal Currassow,Nothocrax urumutum,2,Connor Munro,FALSE,
MON07,NWJ16,DP20260628TO20260717,DSCF0183,7/8/2026,17:22,Nocturnal Currassow,Nothocrax urumutum,1,Connor Munro,FALSE,
MON07,NWJ16,DP20260628TO20260717,DSCF0184,7/8/2026,17:23,Nocturnal Currassow,Nothocrax urumutum,1,Connor Munro,FALSE,
MON07,NWJ16,DP20260628TO20260717,DSCF0185,7/8/2026,17:32,Nocturnal Currassow,Nothocrax urumutum,1,Connor Munro,FALSE,
MON07,NWJ16,DP20260628TO20260717,DSCF0186,7/8/2026,17:32,Nocturnal Currassow,Nothocrax urumutum,2,Connor Munro,FALSE,
MON07,NWJ16,DP20260628TO20260717,DSCF0187,7/8/2026,17:33,Nocturnal Currassow,Nothocrax urumutum,2,Connor Munro,FALSE,
MON07,NWJ16,DP20260628TO20260717,DSCF0190,7/9/2026,15:48,Pale-winged Trumpeter,Psophia leucoptera,3,Connor Munro,FALSE,
MON07,NWJ16,DP20260628TO20260717,DSCF0192,7/9/2026,22:10,Lowland Tapir,Tapirus terrestris,1,Connor Munro,FALSE,
MON07,NWJ16,DP20260628TO20260717,DSCF0194,7/9/2026,23:33,Lowland Paca,Cuniculus paca,1,Connor Munro,FALSE,
MON07,NWJ16,DP20260628TO20260717,DSCF0195,7/10/2026,16:54,Salvin's Currasow,Mitu salvini,2,Connor Munro,FALSE,
MON07,NWJ16,DP20260628TO20260717,DSCF0196,7/10/2026,16:54,Salvin's Currasow,Mitu salvini,2,Connor Munro,FALSE,
MON07,NWJ16,DP20260628TO20260717,DSCF0197,7/10/2026,16:55,Salvin's Currasow,Mitu salvini,2,Connor Munro,FALSE,
MON07,NWJ16,DP20260628TO20260717,DSCF0198,7/10/2026,16:56,Salvin's Currasow,Mitu salvini,2,Connor Munro,FALSE,
MON07,NWJ16,DP20260628TO20260717,DSCF0199,7/10/2026,17:12,Salvin's Currasow,Mitu salvini,1,Connor Munro,FALSE,
MON07,NWJ16,DP20260628TO20260717,DSCF0200,7/10/2026,17:17,Salvin's Currasow,Mitu salvini,2,Connor Munro,FALSE,
MON07,NWJ16,DP20260628TO20260717,DSCF0201,7/10/2026,17:17,Salvin's Currasow,Mitu salvini,2,Connor Munro,FALSE,
MON07,NWJ16,DP20260628TO20260717,DSCF0205,7/10/2026,20:44,American Red Brocket,Mazama american,1,Connor Munro,TRUE,same as other deer videos
MON07,NWJ16,DP20260628TO20260717,DSCF0206,7/10/2026,20:45,American Red Brocket,Mazama american,1,Connor Munro,FALSE,
MON07,NWJ16,DP20260628TO20260717,DSCF0207,7/10/2026,20:49,American Red Brocket,Mazama american,1,Connor Munro,FALSE,
MON07,NWJ16,DP20260628TO20260717,DSCF0208,7/10/2026,20:50,American Red Brocket,Mazama american,1,Connor Munro,FALSE,
MON07,NWJ16,DP20260628TO20260717,DSCF0209,7/10/2026,20:51,American Red Brocket,Mazama american,1,Connor Munro,TRUE,same as above
MON07,NWJ16,DP20260628TO20260717,DSCF0210,7/11/2026,1:09,Lowland Tapir,Tapirus terrestris,1,Connor Munro,FALSE,
MON07,NWJ16,DP20260628TO20260717,DSCF0211,7/11/2026,1:09,American Red Brocket,Mazama american,1,Connor Munro,FALSE,
MON07,NWJ16,DP20260628TO20260717,DSCF0212,7/11/2026,1:31,American Red Brocket,Mazama american,1,Connor Munro,FALSE,
MON07,NWJ16,DP20260628TO20260717,DSCF0213,7/11/2026,1:32,American Red Brocket,Mazama american,1,Connor Munro,FALSE,
MON07,NWJ16,DP20260628TO20260717,DSCF0214,7/11/2026,1:33,American Red Brocket,Mazama american,1,Connor Munro,FALSE,
MON07,NWJ16,DP20260628TO20260717,DSCF0215,7/11/2026,5:42,American Red Brocket,Mazama american,1,Connor Munro,FALSE,
MON07,NWJ16,DP20260628TO20260717,DSCF0216,7/11/2026,9:28,Salvin's Currasow,Mitu salvini,2,Connor Munro,TRUE,Video won't load
MON07,NWJ16,DP20260628TO20260717,DSCF0217,7/11/2026,9:29,Salvin's Currasow,Mitu salvini,2,Connor Munro,FALSE,
MON07,NWJ16,DP20260628TO20260717,DSCF0218,7/11/2026,9:29,Salvin's Currasow,Mitu salvini,2,Connor Munro,FALSE,
MON07,NWJ16,DP20260628TO20260717,DSCF0219,7/11/2026,9:30,Salvin's Currasow,Mitu salvini,2,Connor Munro,FALSE,
MON07,NWJ16,DP20260628TO20260717,DSCF0220,7/11/2026,21:47,Mouse/Possum,N/A,1,Connor Munro,TRUE,
MON07,NWJ16,DP20260628TO20260717,DSCF0222,7/11/2026,22:48,Nine Banded Armadillo,Dasypus novemcinctus,1,Connor Munro,FALSE,
MON07,NWJ16,DP20260628TO20260717,DSCF0223,7/12/2026,1:05,American Red Brocket,Mazama american,1,Connor Munro,FALSE,
MON07,NWJ16,DP20260628TO20260717,DSCF0225,7/12/2026,5:15,American Red Brocket,Mazama american,1,Connor Munro,FALSE,
MON07,NWJ16,DP20260628TO20260717,DSCF0228,7/12/2026,15:56,Salvin's Currasow,Mitu salvini,2,Connor Munro,FALSE,
MON07,NWJ16,DP20260628TO20260717,DSCF0229,7/12/2026,15:57,Salvin's Currasow,Mitu salvini,1,Connor Munro,FALSE,
MON07,NWJ16,DP20260628TO20260717,DSCF0230,7/12/2026,15:58,Salvin's Currasow,Mitu salvini,2,Connor Munro,FALSE,
MON07,NWJ16,DP20260628TO20260717,DSCF0231,7/12/2026,16:00,Salvin's Currasow,Mitu salvini,1,Connor Munro,FALSE,
MON07,NWJ16,DP20260628TO20260717,DSCF0232,7/12/2026,16:00,Salvin's Currasow,Mitu salvini,2,Connor Munro,FALSE,
MON07,NWJ16,DP20260628TO20260717,DSCF0233,7/12/2026,16:32,Salvin's Currasow,Mitu salvini,1,Connor Munro,FALSE,
MON07,NWJ16,DP20260628TO20260717,DSCF0234,7/12/2026,16:33,Salvin's Currasow,Mitu salvini,1,Connor Munro,FALSE,
MON07,NWJ16,DP20260628TO20260717,DSCF0235,7/12/2026,16:33,Salvin's Currasow,Mitu salvini,1,Connor Munro,FALSE,
MON07,NWJ16,DP20260628TO20260717,DSCF0236,7/12/2026,16:34,Salvin's Currasow,Mitu salvini,1,Connor Munro,FALSE,
MON07,NWJ16,DP20260628TO20260717,DSCF0237,7/12/2026,16:36,Salvin's Currasow,Mitu salvini,1,Connor Munro,FALSE,
MON07,NWJ16,DP20260628TO20260717,DSCF0239,7/12/2026,16:38,Salvin's Currasow,Mitu salvini,1,Connor Munro,FALSE,
MON07,NWJ16,DP20260628TO20260717,DSCF0240,7/12/2026,16:38,Salvin's Currasow,Mitu salvini,1,Connor Munro,FALSE,
MON07,NWJ16,DP20260628TO20260717,DSCF0241,7/12/2026,16:40,Salvin's Currasow,Mitu salvini,1,Connor Munro,FALSE,
MON07,NWJ16,DP20260628TO20260717,DSCF0244,7/12/2026,19:51,Lowland Paca,Cuniculus Paca,1,Connor Munro,FALSE,
MON07,NWJ16,DP20260628TO20260717,DSCF0247,7/13/2026,22:04,American Red Brocket,Mazama american,1,Connor Munro,TRUE,same as other deer videos
MON07,NWJ16,DP20260628TO20260717,DSCF0248,7/13/2026,22:05,American Red Brocket,Mazama american,1,Connor Munro,TRUE,
MON07,NWJ16,DP20260628TO20260717,DSCF0249,7/13/2026,23:18,Lowland Paca,Cuniculus Paca,1,Connor Munro,FALSE,
MON07,NWJ16,DP20260628TO20260717,DSCF0253,7/14/2026,1:40,Lowland Paca,Cuniculus Paca,1,Connor Munro,FALSE,
MON07,NWJ16,DP20260628TO20260717,DSCF0255,7/15/2026,0:53,Nine Banded Armadillo,Dasypus novemcinctus,1,Connor Munro,FALSE,
MON07,NWJ16,DP20260628TO20260717,DSCF0256,7/15/2026,0:55,Nine Banded Armadillo,Dasypus novemcinctus,1,Connor Munro,FALSE,
MON07,NWJ16,DP20260628TO20260717,DSCF0258,7/15/2026,7:49,Salvin's Currasow,Mitu salvini,1,Connor Munro,FALSE,
MON07,NWJ16,DP20260628TO20260717,DSCF0259,7/15/2026,7:53,Salvin's Currasow,Mitu salvini,2,Connor Munro,FALSE,
MON07,NWJ16,DP20260628TO20260717,DSCF0260,7/15/2026,7:54,Salvin's Currasow,Mitu salvini,2,Connor Munro,FALSE,
MON07,NWJ16,DP20260628TO20260717,DSCF0261,7/15/2026,7:55,Salvin's Currasow,Mitu salvini,2,Connor Munro,FALSE,
MON07,NWJ16,DP20260628TO20260717,DSCF0262,7/15/2026,7:55,Salvin's Currasow,Mitu salvini,2,Connor Munro,FALSE,
MON07,NWJ16,DP20260628TO20260717,DSCF0263,7/15/2026,7:56,Salvin's Currasow,Mitu salvini,1,Connor Munro,FALSE,
MON07,NWJ16,DP20260628TO20260717,DSCF0264,7/15/2026,7:56,Salvin's Currasow,Mitu salvini,1,Connor Munro,FALSE,
MON07,NWJ16,DP20260628TO20260717,DSCF0265,7/15/2026,7:57,Salvin's Currasow,Mitu salvini,1,Connor Munro,FALSE,
MON07,NWJ16,DP20260628TO20260717,DSCF0266,7/15/2026,7:58,Salvin's Currasow,Mitu salvini,1,Connor Munro,FALSE,
MON07,NWJ16,DP20260628TO20260717,DSCF0268,7/15/2026,8:00,Salvin's Currasow,Mitu salvini,1,Connor Munro,FALSE,
MON07,NWJ16,DP20260628TO20260717,DSCF0272,7/15/2026,8:03,Salvin's Currasow,Mitu salvini,2,Connor Munro,FALSE,2 species
MON07,NWJ16,DP20260628TO20260717,DSCF0272,7/15/2026,8:03,Ocelot,Leopardus pardalis,1,Connor Munro,FALSE,2 species
MON07,NWJ16,DP20260628TO20260717,DSCF0273,7/15/2026,8:03,Salvin's Currasow,Mitu salvini,2,Connor Munro,FALSE,
MON07,NWJ16,DP20260628TO20260717,DSCF0274,7/15/2026,8:06,Salvin's Currasow,Mitu salvini,1,Connor Munro,FALSE,
MON07,NWJ16,DP20260628TO20260717,DSCF0275,7/15/2026,8:07,Salvin's Currasow,Mitu salvini,1,Connor Munro,FALSE,
MON07,NWJ16,DP20260628TO20260717,DSCF0276,7/15/2026,8:08,Salvin's Currasow,Mitu salvini,1,Connor Munro,FALSE,
MON07,NWJ16,DP20260628TO20260717,DSCF0279,7/15/2026,9:37,Salvin's Currasow,Mitu salvini,2,Connor Munro,FALSE,
MON07,NWJ16,DP20260628TO20260717,DSCF0280,7/15/2026,9:39,Salvin's Currasow,Mitu salvini,2,Connor Munro,FALSE,
MON07,NWJ16,DP20260628TO20260717,DSCF0281,7/15/2026,17:22,Bird,N/A,1,Connor Munro,TRUE,Dunno exactly
MON07,NWJ16,DP20260628TO20260717,DSCF0283,7/15/2026,20:02,American Red Brocket,Mazama american,1,Connor Munro,TRUE,same as other deer videos
MON07,NWJ16,DP20260628TO20260717,DSCF0285,7/16/2026,1:54,Lowland Paca,Cuniculus Paca,1,Connor Munro,FALSE,
MON08,NWJ05,DP20260628TO20260717,DSCF0008,6/30/2026,4:45,Mouse,N/A,1,Connor Munro,TRUE,
MON08,NWJ05,DP20260628TO20260717,DSCF0009,6/30/2026,5:43,Southern Tamandua,Tamandua tetradactyla,2,Connor Munro,FALSE,Rider
MON08,NWJ05,DP20260628TO20260717,DSCF0012,7/3/2026,19:18,Mouse,N/A,1,Connor Munro,TRUE,
MON08,NWJ05,DP20260628TO20260717,DSCF0013,7/3/2026,21:24,Lowland Paca,Cuniculus Paca,1,Connor Munro,FALSE,
MON08,NWJ05,DP20260628TO20260717,DSCF0015,7/4/2026,6:01,Black Agouti,Dasyprocta fuliginosa,1,Connor Munro,FALSE,
MON08,NWJ05,DP20260628TO20260717,DSCF0016,7/4/2026,22:17,Lowland Paca,Cuniculus Paca,1,Connor Munro,FALSE,
MON08,NWJ05,DP20260628TO20260717,DSCF0019,7/5/2026,14:36,Grey-winged Trumpeter,Psophia crepitans,1,Connor Munro,FALSE,
MON08,NWJ05,DP20260628TO20260717,DSCF0020,7/6/2026,1:09,Mouse,N/A,1,Connor Munro,TRUE,
MON08,NWJ05,DP20260628TO20260717,DSCF0023,7/6/2026,6:44,Bird,N/A,1,Connor Munro,FALSE,Flying (blurry)
MON08,NWJ05,DP20260628TO20260717,DSCF0026,7/10/2026,9:15,Little Tinamou,Crypturellus soui,1,Connor Munro,FALSE,
MON08,NWJ05,DP20260628TO20260717,DSCF0033,7/16/2026,20:31,Deer,N/A,1,Connor Munro,TRUE,Brown or Red 
MON08,NWJ05,DP20260628TO20260717,DSCF0034,7/16/2026,22:46,Ocelot,Leopardus pardalis,1,Connor Munro,FALSE,
MON08,NWJ05,DP20260628TO20260717,DSCF0035,7/16/2026,22:47,Ocelot,Leopardus pardalis,1,Connor Munro,FALSE,
MON09,NWJ06,DP20260628TO20260717,DSCF0008,7/3/2026,18:08,Pale-winged Trumpeter,Psophia leucoptera,1,Connor Munro,FALSE,
MON09,NWJ06,DP20260628TO20260717,DSCF0009,7/4/2026,14:30,Black Agouti,Dasyprocta fuliginosa,1,Connor Munro,FALSE,
MON09,NWJ06,DP20260628TO20260717,DSCF0013,7/7/2026,0:54,Lowland Paca,Cuniculus Paca,1,Connor Munro,FALSE,
MON09,NWJ06,DP20260628TO20260717,DSCF0017,7/11/2026,16:08,Pale-winged Trumpeter,Psophia leucoptera,2,Connor Munro,FALSE,
MON09,NWJ06,DP20260628TO20260717,DSCF0018,7/13/2026,0:51,Deer,N/A,1,Connor Munro,TRUE,
MON10,NWJ12,DP20260628TO20260717,DSCF0003,6/28/2026,17:46,Green Acouchi,Myoprocta pratti,1,Connor Munro,FALSE,
MON10,NWJ12,DP20260628TO20260717,DSCF0004,6/28/2026,21:26,Mouse,N/A,1,Connor Munro,TRUE,
MON10,NWJ12,DP20260628TO20260717,DSCF0005,6/29/2026,17:00,South American Coati,Nasua Nasua,1,Connor Munro,FALSE,
MON10,NWJ12,DP20260628TO20260717,DSCF0007,7/2/2026,21:43,Mouse,N/A,1,Connor Munro,TRUE,
MON10,NWJ12,DP20260628TO20260717,DSCF0008,7/3/2026,21:51,Mouse,N/A,1,Connor Munro,TRUE,
MON10,NWJ12,DP20260628TO20260717,DSCF0009,7/4/2026,8:12,Black Agouti,Dasyprocta fuliginosa,1,Connor Munro,FALSE,
MON10,NWJ12,DP20260628TO20260717,DSCF0011,7/5/2026,10:31,Black Agouti,Dasyprocta fuliginosa,1,Connor Munro,FALSE,
MON10,NWJ12,DP20260628TO20260717,DSCF0012,7/6/2026,19:49,Ocelot,Leopardus pardalis,1,Connor Munro,FALSE,
MON10,NWJ12,DP20260628TO20260717,DSCF0013,7/9/2026,3:46,Common Black-eared Opossum,Didelphis marsupialis,1,Connor Munro,FALSE,
MON10,NWJ12,DP20260628TO20260717,DSCF0017,7/11/2026,3:06,Mouse,N/A,1,Connor Munro,TRUE,
MON10,NWJ12,DP20260628TO20260717,DSCF0019,7/16/2026,3:45,Mouse,N/A,1,Connor Munro,TRUE,
MON10,NWJ12,DP20260628TO20260717,DSCF0020,7/17/2026,0:39,Mouse,N/A,1,Connor Munro,TRUE,
MON10,NWJ12,DP20260628TO20260717,DSCF0021,7/17/2026,5:26,Ocelot,Leopardus pardalis,1,Connor Munro,FALSE,
MON11,NWJ09,DP20260628TO20260717,DSCF0004,6/28/2026,14:47,Northern Amazon Red Squirrel,Hadrosciurus igniventris,1,Connor Munro,FALSE,
MON11,NWJ09,DP20260628TO20260717,DSCF0005,6/29/2026,2:27,Lowland Paca,Cuniculus paca,1,Connor Munro,FALSE,
MON11,NWJ09,DP20260628TO20260717,DSCF0007,6/29/2026,18:10,Tinamou,N/A,1,Connor Munro,TRUE,
MON11,NWJ09,DP20260628TO20260717,DSCF0008,6/30/2026,6:17,Tinamou,N/A,1,Connor Munro,TRUE,
MON11,NWJ09,DP20260628TO20260717,DSCF0009,6/30/2026,6:18,Tinamou,N/A,1,Connor Munro,TRUE,
MON11,NWJ09,DP20260628TO20260717,DSCF0010,6/30/2026,17:29,Green Acouchi,Myoprocta pratti,1,Connor Munro,FALSE,
MON11,NWJ09,DP20260628TO20260717,DSCF0012,6/30/2026,23:12,Lowland Paca,Cuniculus paca,1,Connor Munro,FALSE,
MON11,NWJ09,DP20260628TO20260717,DSCF0015,7/1/2026,17:59,Green Acouchi,Myoprocta pratti,1,Connor Munro,TRUE,Or Agouti 
MON11,NWJ09,DP20260628TO20260717,DSCF0016,7/1/2026,21:32,Possum/Mouse,N/A,1,Connor Munro,TRUE,
MON11,NWJ09,DP20260628TO20260717,DSCF0018,7/3/2026,16:01,Bird,N/A,5,Connor Munro,TRUE,Tinamou or other
MON11,NWJ09,DP20260628TO20260717,DSCF0018,7/3/2026,16:01,Capybara/Rodent,Hydrochoerus hydrochaeris,1,Connor Munro,TRUE,Not 100% sure
MON11,NWJ09,DP20260628TO20260717,DSCF0019,7/3/2026,16:02,Black Agouti,Dasyprocta fuliginosa,1,Connor Munro,TRUE,"Another animal there, the 2nd, it might be a bird but I don't know for sure"
MON11,NWJ09,DP20260628TO20260717,DSCF0021,7/4/2026,13:40,Northern Amazon Red Squirrel,Hadrosciurus igniventris,1,Connor Munro,FALSE,
MON11,NWJ09,DP20260628TO20260717,DSCF0022,7/4/2026,17:51,Little Tinamou,Crypturellus soui,1,Connor Munro,FALSE,Little is my best guess
MON11,NWJ09,DP20260628TO20260717,DSCF0023,7/4/2026,17:52,Little Tinamou,Crypturellus soui,1,Connor Munro,FALSE,
MON11,NWJ09,DP20260628TO20260717,DSCF0026,7/4/2026,21:05,Lowland Paca,Cuniculus paca,1,Connor Munro,TRUE,"most likely, not 100%"
MON11,NWJ09,DP20260628TO20260717,DSCF0029,7/5/2026,7:37,Little Tinamou,Crypturellus soui,1,Connor Munro,FALSE,
MON11,NWJ09,DP20260628TO20260717,DSCF0030,7/5/2026,7:46,Small Bird,N/A,1,Connor Munro,FALSE,
MON11,NWJ09,DP20260628TO20260717,DSCF0031,7/5/2026,7:47,Little Tinamou,Crypturellus soui,1,Connor Munro,FALSE,similar to the other tinamous I have ID
MON11,NWJ09,DP20260628TO20260717,DSCF0031,7/5/2026,7:47,Small Bird,N/A,1,Connor Munro,FALSE,same small bird
MON11,NWJ09,DP20260628TO20260717,DSCF0032,7/5/2026,7:49,Little Tinamou,Crypturellus soui,1,Connor Munro,FALSE,
MON11,NWJ09,DP20260628TO20260717,DSCF0032,7/5/2026,7:49,Small Bird,N/A,1,Connor Munro,FALSE,
MON11,NWJ09,DP20260628TO20260717,DSCF0033,7/5/2026,7:50,Little Tinamou,Crypturellus soui,1,Connor Munro,FALSE,
MON11,NWJ09,DP20260628TO20260717,DSCF0033,7/5/2026,7:50,Small Bird,N/A,1,Connor Munro,FALSE,
MON11,NWJ09,DP20260628TO20260717,DSCF0034,7/5/2026,7:55,Little Tinamou,Crypturellus soui,1,Connor Munro,FALSE,
MON11,NWJ09,DP20260628TO20260717,DSCF0036,7/5/2026,7:59,Little Tinamou,Crypturellus soui,1,Connor Munro,FALSE,
MON11,NWJ09,DP20260628TO20260717,DSCF0037,7/5/2026,8:00,Little Tinamou,Crypturellus soui,1,Connor Munro,FALSE,
MON11,NWJ09,DP20260628TO20260717,DSCF0039,7/5/2026,8:01,Little Tinamou,Crypturellus soui,1,Connor Munro,TRUE,not 100%
MON11,NWJ09,DP20260628TO20260717,DSCF0040,7/5/2026,8:18,Great Tinamou,Tinamus major,1,Connor Munro,TRUE,"might be the little tinamou for some, but not as grey as those above"
MON11,NWJ09,DP20260628TO20260717,DSCF0041,7/5/2026,8:19,Great Tinamou,Tinamus major,1,Connor Munro,FALSE,
MON11,NWJ09,DP20260628TO20260717,DSCF0042,7/5/2026,8:20,Great Tinamou,Tinamus major,1,Connor Munro,FALSE,
MON11,NWJ09,DP20260628TO20260717,DSCF0043,7/5/2026,8:21,Great Tinamou,Tinamus major,1,Connor Munro,FALSE,
MON11,NWJ09,DP20260628TO20260717,DSCF0044,7/5/2026,8:21,Great Tinamou,Tinamus major,1,Connor Munro,FALSE,
MON11,NWJ09,DP20260628TO20260717,DSCF0046,7/5/2026,9:08,Great Tinamou,Tinamus major,1,Connor Munro,FALSE,
MON11,NWJ09,DP20260628TO20260717,DSCF0047,7/5/2026,15:08,Black Agouti,Dasyprocta fuliginosa,1,Connor Munro,FALSE,
MON11,NWJ09,DP20260628TO20260717,DSCF0048,7/5/2026,15:09,Black Agouti,Dasyprocta fuliginosa,1,Connor Munro,FALSE,
MON11,NWJ09,DP20260628TO20260717,DSCF0049,7/5/2026,15:09,Black Agouti,Dasyprocta fuliginosa,1,Connor Munro,FALSE,
MON11,NWJ09,DP20260628TO20260717,DSCF0050,7/5/2026,15:10,Black Agouti,Dasyprocta fuliginosa,1,Connor Munro,FALSE,
MON11,NWJ09,DP20260628TO20260717,DSCF0051,7/5/2026,15:11,Black Agouti,Dasyprocta fuliginosa,1,Connor Munro,FALSE,
MON11,NWJ09,DP20260628TO20260717,DSCF0052,7/5/2026,15:12,Black Agouti,Dasyprocta fuliginosa,1,Connor Munro,FALSE,
MON11,NWJ09,DP20260628TO20260717,DSCF0054,7/6/2026,12:21,Black Agouti,Dasyprocta fuliginosa,1,Connor Munro,FALSE,90% different individual than above
MON11,NWJ09,DP20260628TO20260717,DSCF0055,7/6/2026,12:22,Black Agouti,Dasyprocta fuliginosa,1,Connor Munro,FALSE,
MON11,NWJ09,DP20260628TO20260717,DSCF0056,7/6/2026,15:06,Black Agouti,Dasyprocta fuliginosa,1,Connor Munro,FALSE,
MON11,NWJ09,DP20260628TO20260717,DSCF0057,7/6/2026,15:07,Black Agouti,Dasyprocta fuliginosa,1,Connor Munro,FALSE,
MON11,NWJ09,DP20260628TO20260717,DSCF0058,7/6/2026,16:41,Bird,N/A,1,Connor Munro,TRUE,"I think trumpeter, but can't confirm"
MON11,NWJ09,DP20260628TO20260717,DSCF0059,7/6/2026,17:55,Grey-winged Trumpeter,Psophia crepitans,3,Connor Munro,FALSE,
MON11,NWJ09,DP20260628TO20260717,DSCF0061,7/7/2026,6:22,Grey-winged Trumpeter,Psophia crepitans,2,Connor Munro,FALSE,
MON11,NWJ09,DP20260628TO20260717,DSCF0062,7/7/2026,7:23,Collared Pecary,Dicotyles tajacu,8-9,Connor Munro,TRUE,There's alot
MON11,NWJ09,DP20260628TO20260717,DSCF0063,7/7/2026,7:24,Collared Pecary,Dicotyles tajacu,3,Connor Munro,FALSE,
MON11,NWJ09,DP20260628TO20260717,DSCF0064,7/7/2026,7:25,Collared Pecary,Dicotyles tajacu,2,Connor Munro,FALSE,
MON11,NWJ09,DP20260628TO20260717,DSCF0065,7/7/2026,7:25,Collared Pecary,Dicotyles tajacu,1,Connor Munro,FALSE,
MON11,NWJ09,DP20260628TO20260717,DSCF0066,7/7/2026,7:26,Collared Pecary,Dicotyles tajacu,1,Connor Munro,FALSE,
MON11,NWJ09,DP20260628TO20260717,DSCF0067,7/7/2026,9:38,Collared Pecary,Dicotyles tajacu,1,Connor Munro,TRUE,not 100% sure on ID
MON11,NWJ09,DP20260628TO20260717,DSCF0068,7/7/2026,9:39,Collared Pecary,Dicotyles tajacu,2,Connor Munro,TRUE,not 100% sure on ID
MON11,NWJ09,DP20260628TO20260717,DSCF0070,7/7/2026,16:49,Black Agouti,Dasyprocta fuliginosa,1,Connor Munro,FALSE,
MON11,NWJ09,DP20260628TO20260717,DSCF0071,7/7/2026,16:50,Black Agouti,Dasyprocta fuliginosa,1,Connor Munro,FALSE,
MON11,NWJ09,DP20260628TO20260717,DSCF0072,7/7/2026,23:40,Lowland Paca,Cuniculus paca,1,Connor Munro,FALSE,
MON11,NWJ09,DP20260628TO20260717,DSCF0074,7/8/2026,6:08,Green Acouchi,Myoprocta pratti,1,Connor Munro,FALSE,
MON11,NWJ09,DP20260628TO20260717,DSCF0075,7/8/2026,8:49,Black Agouti,Dasyprocta fuliginosa,1,Connor Munro,FALSE,
MON11,NWJ09,DP20260628TO20260717,DSCF0076,7/8/2026,10:54,Black Agouti,Dasyprocta fuliginosa,1,Connor Munro,FALSE,
MON11,NWJ09,DP20260628TO20260717,DSCF0077,7/8/2026,10:55,Black Agouti,Dasyprocta fuliginosa,1,Connor Munro,FALSE,
MON11,NWJ09,DP20260628TO20260717,DSCF0078,7/8/2026,10:55,Black Agouti,Dasyprocta fuliginosa,1,Connor Munro,FALSE,
MON11,NWJ09,DP20260628TO20260717,DSCF0079,7/8/2026,10:56,Black Agouti,Dasyprocta fuliginosa,1,Connor Munro,FALSE,
MON11,NWJ09,DP20260628TO20260717,DSCF0080,7/8/2026,10:59,Black Agouti,Dasyprocta fuliginosa,1,Connor Munro,FALSE,
MON11,NWJ09,DP20260628TO20260717,DSCF0081,7/8/2026,17:46,Marbled Wood-Quail,Odontophorus gujanensis,3,Connor Munro,FALSE,
MON11,NWJ09,DP20260628TO20260717,DSCF0082,7/8/2026,17:46,Marbled Wood-Quail,Odontophorus gujanensis,4,Connor Munro,FALSE,
MON11,NWJ09,DP20260628TO20260717,DSCF0084,7/9/2026,0:59,Mouse/Opussum,N/A,1,Connor Munro,TRUE,
MON11,NWJ09,DP20260628TO20260717,DSCF0085,7/9/2026,17:06,Black Agouti,Dasyprocta fuliginosa,1,Connor Munro,FALSE,
MON11,NWJ09,DP20260628TO20260717,DSCF0086,7/9/2026,17:07,Green Acouchi,Myoprocta pratti,1,Connor Munro,FALSE,
MON11,NWJ09,DP20260628TO20260717,DSCF0087,7/9/2026,17:07,Green Acouchi,Myoprocta pratti,1,Connor Munro,FALSE,
MON11,NWJ09,DP20260628TO20260717,DSCF0090,7/9/2026,20:18,Mouse/Opussum,N/A,1,Connor Munro,TRUE,
MON11,NWJ09,DP20260628TO20260717,DSCF0092,7/9/2026,22:51,Mouse/Opussum,N/A,1,Connor Munro,TRUE,
MON11,NWJ09,DP20260628TO20260717,DSCF0093,7/10/2026,6:20,Green Acouchi,Myoprocta pratti,1,Connor Munro,FALSE,
MON11,NWJ09,DP20260628TO20260717,DSCF0095,7/10/2026,22:02,Mouse/Opussum,N/A,1,Connor Munro,TRUE,
MON11,NWJ09,DP20260628TO20260717,DSCF0097,7/11/2026,2:57,Mouse/Opussum,N/A,2,Connor Munro,TRUE,
MON11,NWJ09,DP20260628TO20260717,DSCF0098,7/11/2026,4:29,Mouse,N/A,1,Connor Munro,TRUE,
MON11,NWJ09,DP20260628TO20260717,DSCF0099,7/11/2026,11:48,Northern Amazon Red Squirrel,Hadrosciurus igniventris,1,Connor Munro,FALSE,
MON11,NWJ09,DP20260628TO20260717,DSCF0101,7/11/2026,22:32,Southern Tamandua,Tamandua tetradactyla,1,Connor Munro,FALSE,
MON11,NWJ09,DP20260628TO20260717,DSCF0102,7/12/2026,2:51,Lowland Paca,Cuniculus paca,1,Connor Munro,FALSE,
MON11,NWJ09,DP20260628TO20260717,DSCF0104,7/15/2026,1:26,Lowland Paca,Cuniculus paca,1,Connor Munro,FALSE,
MON11,NWJ09,DP20260628TO20260717,DSCF0105,7/15/2026,18:05,Tinamou,N/A,1,Connor Munro,TRUE,"dunno (not little, not great)"
MON11,NWJ09,DP20260628TO20260717,DSCF0106,7/15/2026,18:12,I know what it is I just need the bird book,,,Connor Munro,TRUE,!!!!!!!!!!!!!!!!!!!!!!!!!!!!!!
MON11,NWJ09,DP20260628TO20260717,DSCF0107,7/16/2026,6:20,Bartlett's Tinamou,Crypturellus bartletti,1,Connor Munro,FALSE,
MON11,NWJ09,DP20260628TO20260717,DSCF0108,7/16/2026,6:25,Bird,N/A,1,Connor Munro,TRUE,
MON11,NWJ09,DP20260628TO20260717,DSCF0109,7/16/2026,12:31,Northern Amazon Red Squirrel,Hadrosciurus igniventris,1,Connor Munro,FALSE,
MON11,NWJ09,DP20260628TO20260717,DSCF0110,7/16/2026,19:14,Mouse,N/A,1,Connor Munro,TRUE,
MON11,NWJ09,DP20260628TO20260717,DSCF0111,7/16/2026,20:52,Mouse,N/A,1,Connor Munro,FALSE,
MON11,NWJ09,DP20260628TO20260717,DSCF0113,7/17/2026,0:07,Lowland Paca,Cuniculus paca,1,Connor Munro,FALSE,
MON12,NWJ07,DP20260628TO20260717,DSCF0003,6/28/2026,12:52,Green Acouchi,Myoprocta pratti,1,Connor Munro,FALSE,
MON12,NWJ07,DP20260628TO20260717,DSCF0004,6/28/2026,12:57,Green Acouchi,Myoprocta pratti,1,Connor Munro,FALSE,
MON12,NWJ07,DP20260628TO20260717,DSCF0005,6/28/2026,12:57,Green Acouchi,Myoprocta pratti,1,Connor Munro,FALSE,
MON12,NWJ07,DP20260628TO20260717,DSCF0006,6/28/2026,13:01,Green Acouchi,Myoprocta pratti,1,Connor Munro,FALSE,
MON12,NWJ07,DP20260628TO20260717,DSCF0007,6/28/2026,17:49,Great Tinamou,Tinamus major,1,Connor Munro,TRUE,"Great most likely, not 100%"
MON12,NWJ07,DP20260628TO20260717,DSCF0008,6/29/2026,17:36,Green Acouchi,Myoprocta pratti,1,Connor Munro,FALSE,
MON12,NWJ07,DP20260628TO20260717,DSCF0009,6/30/2026,19:32,Mouse,N/A,2,Connor Munro,TRUE,
MON12,NWJ07,DP20260628TO20260717,DSCF0010,6/30/2026,22:21,Lowland Paca,Cuniculus paca,1,Connor Munro,FALSE,
MON12,NWJ07,DP20260628TO20260717,DSCF0012,7/1/2026,21:03,Mouse,N/A,1,Connor Munro,TRUE,
MON12,NWJ07,DP20260628TO20260717,DSCF0013,7/3/2026,20:31,Lowland Paca,Cuniculus paca,1,Connor Munro,FALSE,
MON12,NWJ07,DP20260628TO20260717,DSCF0014,7/5/2026,16:52,American Red Brocket,Mazama american,1,Connor Munro,FALSE,
MON12,NWJ07,DP20260628TO20260717,DSCF0015,7/5/2026,20:01,Lowland Paca,Cuniculus paca,1,Connor Munro,FALSE,
MON12,NWJ07,DP20260628TO20260717,DSCF0016,7/6/2026,16:50,Green Acouchi,Myoprocta pratti,1,Connor Munro,FALSE,
MON12,NWJ07,DP20260628TO20260717,DSCF0017,7/6/2026,17:35,Black Agouti,Dasyprocta fuliginosa,1,Connor Munro,FALSE,
MON12,NWJ07,DP20260628TO20260717,DSCF0019,7/6/2026,22:15,Mouse,N/A,1,Connor Munro,TRUE,
MON12,NWJ07,DP20260628TO20260717,DSCF0020,7/8/2026,19:19,Mouse,N/A,1,Connor Munro,TRUE,
MON12,NWJ07,DP20260628TO20260717,DSCF0021,7/9/2026,4:41,Ocelot,Leopardus pardalis,1,Connor Munro,FALSE,
MON12,NWJ07,DP20260628TO20260717,DSCF0022,7/9/2026,9:16,Pale-winged Trumpeter,Psophia leucoptera,1,Connor Munro,FALSE,
MON12,NWJ07,DP20260628TO20260717,DSCF0023,7/9/2026,20:29,Lowland Paca,Cuniculus paca,1,Connor Munro,FALSE,
MON12,NWJ07,DP20260628TO20260717,DSCF0025,7/10/2026,12:35,South American Coati,Nasua Nasua,1,Connor Munro,FALSE,
MON12,NWJ07,DP20260628TO20260717,DSCF0026,7/10/2026,15:39,Pale-winged Trumpeter,Psophia leucoptera,1,Connor Munro,FALSE,
MON12,NWJ07,DP20260628TO20260717,DSCF0027,7/10/2026,15:39,Pale-winged Trumpeter,Psophia leucoptera,1,Connor Munro,FALSE,
MON12,NWJ07,DP20260628TO20260717,DSCF0028,7/11/2026,0:25,Mouse,N/A,1,Connor Munro,TRUE,
MON12,NWJ07,DP20260628TO20260717,DSCF0029,7/11/2026,5:23,Mouse,N/A,1,Connor Munro,TRUE,
MON12,NWJ07,DP20260628TO20260717,DSCF0030,7/12/2026,12:24,Pale-winged Trumpeter,Psophia leucoptera,4,Connor Munro,FALSE,
MON12,NWJ07,DP20260628TO20260717,DSCF0033,7/13/2026,14:08,Salvin's Curassow,Mitu salvini,3,Connor Munro,FALSE,
MON12,NWJ07,DP20260628TO20260717,DSCF0034,7/13/2026,14:09,Salvin's Curassow,Mitu salvini,1,Connor Munro,FALSE,
MON12,NWJ07,DP20260628TO20260717,DSCF0035,7/14/2026,15:54,Grey-Fronted Dove,Leptotilla Rufaxilla ,1,Connor Munro,FALSE,
MON12,NWJ07,DP20260628TO20260717,DSCF0036,7/14/2026,16:19,Black Agouti,Dasyprocta fuliginosa,1,Connor Munro,TRUE,Below
MON12,NWJ07,DP20260628TO20260717,DSCF0037,7/14/2026,18:08,Green Acouchi,Myoprocta pratti,1,Connor Munro,TRUE,these two could be either or ^
MON12,NWJ07,DP20260628TO20260717,DSCF0040,7/16/2026,16:39,Salvin's Curassow,Mitu salvini,1,Connor Munro,FALSE,
MON13,NWJ19,DP20260628TO20260717,DSCF0004,7/1/2026,6:44,Green Acouchi,Myoprocta pratti,1,Connor Munro,FALSE,
MON13,NWJ19,DP20260628TO20260717,DSCF0005,7/1/2026,17:57,Green Acouchi,Myoprocta pratti,1,Connor Munro,FALSE,
MON13,NWJ19,DP20260628TO20260717,DSCF0007,7/2/2026,6:49,Green Acouchi,Myoprocta pratti,1,Connor Munro,FALSE,
MON13,NWJ19,DP20260628TO20260717,DSCF0008,7/2/2026,6:50,Green Acouchi,Myoprocta pratti,1,Connor Munro,FALSE,
MON13,NWJ19,DP20260628TO20260717,DSCF0009,7/2/2026,14:43,Green Acouchi,Myoprocta pratti,1,Connor Munro,FALSE,
MON13,NWJ19,DP20260628TO20260717,DSCF0010,7/2/2026,18:00,Green Acouchi,Myoprocta pratti,1,Connor Munro,FALSE,
MON13,NWJ19,DP20260628TO20260717,DSCF0012,7/3/2026,22:21,Rodent/Possum,N/A,1,Connor Munro,TRUE,
MON13,NWJ19,DP20260628TO20260717,DSCF0013,7/4/2026,6:35,Green Acouchi,Myoprocta pratti,1,Connor Munro,FALSE,
MON13,NWJ19,DP20260628TO20260717,DSCF0014,7/4/2026,7:00,Northern Amazon Red Squirrel,Hadrosciurus igniventris,1,Connor Munro,FALSE,
MON13,NWJ19,DP20260628TO20260717,DSCF0015,7/4/2026,7:37,Green Acouchi,Myoprocta pratti,1,Connor Munro,FALSE,
MON13,NWJ19,DP20260628TO20260717,DSCF0017,7/4/2026,10:09,Grey-winged Trumpeter,Psophia crepitans,1,Connor Munro,FALSE,
MON13,NWJ19,DP20260628TO20260717,DSCF0019,7/7/2026,9:26,Green Acouchi,Myoprocta pratti,1,Connor Munro,FALSE,
MON13,NWJ19,DP20260628TO20260717,DSCF0020,7/7/2026,9:37,Green Acouchi,Myoprocta pratti,1,Connor Munro,TRUE,not 100% sure
MON13,NWJ19,DP20260628TO20260717,DSCF0021,7/9/2026,16:17,Green Acouchi,Myoprocta pratti,1,Connor Munro,FALSE,
MON13,NWJ19,DP20260628TO20260717,DSCF0026,7/11/2026,11:36,Grey-winged Trumpeter,Psophia crepitans,1,Connor Munro,FALSE,
MON13,NWJ19,DP20260628TO20260717,DSCF0027,7/12/2026,1:16,Lowland Paca,Cuniculus paca,1,Connor Munro,FALSE,
MON13,NWJ19,DP20260628TO20260717,DSCF0028,7/13/2026,18:38,Possum,N/A,1,Connor Munro,TRUE,
MON13,NWJ19,DP20260628TO20260717,DSCF0029,7/14/2026,2:33,Nine Banded Armadillo,Dasypus novemcinctus,1,Connor Munro,FALSE,
MON13,NWJ19,DP20260628TO20260717,DSCF0034,7/16/2026,9:18,Black Agouti,Dasyprocta fuliginosa,1,Connor Munro,FALSE,
MON13,NWJ19,DP20260628TO20260717,DSCF0035,7/16/2026,12:16,Black Agouti,Dasyprocta fuliginosa,1,Connor Munro,FALSE,
MON14,NWJ10,DP20260628TO20260717,DSCF0004,6/28/2026,11:48,Black Agouti,Dasyprocta fuliginosa,1,Connor Munro,TRUE,not 100% sure
MON14,NWJ10,DP20260628TO20260717,DSCF0005,6/28/2026,14:31,Green Acouchi,Myoprocta pratti,1,Connor Munro,FALSE,
MON14,NWJ10,DP20260628TO20260717,DSCF0006,6/28/2026,17:39,Green Acouchi,Myoprocta pratti,1,Connor Munro,FALSE,
MON14,NWJ10,DP20260628TO20260717,DSCF0009,6/29/2026,7:53,Green Acouchi,Myoprocta pratti,1,Connor Munro,FALSE,
MON14,NWJ10,DP20260628TO20260717,DSCF0011,6/29/2026,7:56,Green Acouchi,Myoprocta pratti,2,Connor Munro,FALSE,
MON14,NWJ10,DP20260628TO20260717,DSCF0012,6/29/2026,7:56,Green Acouchi,Myoprocta pratti,2,Connor Munro,FALSE,
MON14,NWJ10,DP20260628TO20260717,DSCF0013,6/29/2026,7:58,Green Acouchi,Myoprocta pratti,1,Connor Munro,FALSE,
MON14,NWJ10,DP20260628TO20260717,DSCF0014,6/29/2026,8:05,Green Acouchi,Myoprocta pratti,1,Connor Munro,FALSE,
MON14,NWJ10,DP20260628TO20260717,DSCF0015,6/29/2026,8:06,Green Acouchi,Myoprocta pratti,1,Connor Munro,FALSE,
MON14,NWJ10,DP20260628TO20260717,DSCF0016,6/29/2026,8:07,Green Acouchi,Myoprocta pratti,1,Connor Munro,FALSE,
MON14,NWJ10,DP20260628TO20260717,DSCF0017,6/29/2026,8:21,Green Acouchi,Myoprocta pratti,1,Connor Munro,FALSE,
MON14,NWJ10,DP20260628TO20260717,DSCF0019,6/29/2026,8:25,Green Acouchi,Myoprocta pratti,1,Connor Munro,FALSE,
MON14,NWJ10,DP20260628TO20260717,DSCF0021,6/29/2026,15:31,Green Acouchi,Myoprocta pratti,1,Connor Munro,FALSE,
MON14,NWJ10,DP20260628TO20260717,DSCF0023,6/29/2026,18:00,Unknown,N/A,?,Connor Munro,TRUE,I see nothing (possibly eyes top left)
MON14,NWJ10,DP20260628TO20260717,DSCF0026,6/30/2026,14:50,Great Tinamou,Tinamus major,3,Connor Munro,TRUE,
MON14,NWJ10,DP20260628TO20260717,DSCF0027,6/30/2026,17:10,Green Acouchi,Myoprocta pratti,1,Connor Munro,TRUE,not 100%
MON14,NWJ10,DP20260628TO20260717,DSCF0028,6/30/2026,17:12,Green Acouchi,Myoprocta pratti,1,Connor Munro,FALSE,
MON14,NWJ10,DP20260628TO20260717,DSCF0029,6/30/2026,17:13,Green Acouchi,Myoprocta pratti,1,Connor Munro,FALSE,
MON14,NWJ10,DP20260628TO20260717,DSCF0030,6/30/2026,17:14,Green Acouchi,Myoprocta pratti,1,Connor Munro,FALSE,
MON14,NWJ10,DP20260628TO20260717,DSCF0031,6/30/2026,17:15,Green Acouchi,Myoprocta pratti,1,Connor Munro,FALSE,
MON14,NWJ10,DP20260628TO20260717,DSCF0032,6/30/2026,17:16,Green Acouchi,Myoprocta pratti,2,Connor Munro,FALSE,
MON14,NWJ10,DP20260628TO20260717,DSCF0033,7/1/2026,1:04,Mouse,N/A,1,Connor Munro,TRUE,
MON14,NWJ10,DP20260628TO20260717,DSCF0034,7/1/2026,6:13,Marbled Wood-Quail,Odontophorus gujanensis,1,Connor Munro,TRUE,
MON14,NWJ10,DP20260628TO20260717,DSCF0035,7/1/2026,11:18,Green Acouchi,Myoprocta pratti,1,Connor Munro,FALSE,
MON14,NWJ10,DP20260628TO20260717,DSCF0038,7/1/2026,17:54,Green Acouchi,Myoprocta pratti,1,Connor Munro,FALSE,
MON14,NWJ10,DP20260628TO20260717,DSCF0038,7/1/2026,17:54,Black Agouti,Dasyprocta fuliginosa,1,Connor Munro,FALSE,
MON14,NWJ10,DP20260628TO20260717,DSCF0039,7/2/2026,7:22,Green Acouchi,Myoprocta pratti,1,Connor Munro,FALSE,
MON14,NWJ10,DP20260628TO20260717,DSCF0040,7/2/2026,7:23,Green Acouchi,Myoprocta pratti,1,Connor Munro,FALSE,
MON14,NWJ10,DP20260628TO20260717,DSCF0041,7/2/2026,8:30,Green Acouchi,Myoprocta pratti,1,Connor Munro,FALSE,
MON14,NWJ10,DP20260628TO20260717,DSCF0042,7/2/2026,17:02,Great Tinamou,Tinamus major,3,Connor Munro,TRUE,
MON14,NWJ10,DP20260628TO20260717,DSCF0043,7/2/2026,17:26,Marbled Wood-Quail,Odontophorus gujanensis,6,Connor Munro,FALSE,
MON14,NWJ10,DP20260628TO20260717,DSCF0044,7/2/2026,17:41,Green Acouchi,Myoprocta pratti,1,Connor Munro,FALSE,
MON14,NWJ10,DP20260628TO20260717,DSCF0045,7/3/2026,13:48,Green Acouchi,Myoprocta pratti,1,Connor Munro,FALSE,
MON14,NWJ10,DP20260628TO20260717,DSCF0047,7/3/2026,13:54,Green Acouchi,Myoprocta pratti,1,Connor Munro,FALSE,
MON14,NWJ10,DP20260628TO20260717,DSCF0048,7/3/2026,15:08,Green Acouchi,Myoprocta pratti,1,Connor Munro,FALSE,
MON14,NWJ10,DP20260628TO20260717,DSCF0050,7/3/2026,15:54,Marbled Wood-Quail,Odontophorus gujanensis,2,Connor Munro,FALSE,
MON14,NWJ10,DP20260628TO20260717,DSCF0051,7/3/2026,15:59,Little Tinamou,Crypturellus soui,1,Connor Munro,FALSE,
MON14,NWJ10,DP20260628TO20260717,DSCF0052,7/3/2026,17:35,Green Acouchi,Myoprocta pratti,1,Connor Munro,FALSE,
MON14,NWJ10,DP20260628TO20260717,DSCF0053,7/3/2026,17:37,Green Acouchi,Myoprocta pratti,1,Connor Munro,FALSE,
MON14,NWJ10,DP20260628TO20260717,DSCF0055,7/3/2026,17:40,Green Acouchi,Myoprocta pratti,1,Connor Munro,FALSE,
MON14,NWJ10,DP20260628TO20260717,DSCF0056,7/3/2026,17:40,Green Acouchi,Myoprocta pratti,1,Connor Munro,FALSE,
MON14,NWJ10,DP20260628TO20260717,DSCF0057,7/3/2026,17:45,Green Acouchi,Myoprocta pratti,1,Connor Munro,FALSE,
MON14,NWJ10,DP20260628TO20260717,DSCF0058,7/3/2026,17:47,Green Acouchi,Myoprocta pratti,1,Connor Munro,FALSE,
MON14,NWJ10,DP20260628TO20260717,DSCF0061,7/4/2026,7:26,Green Acouchi,Myoprocta pratti,1,Connor Munro,FALSE,
MON14,NWJ10,DP20260628TO20260717,DSCF0062,7/4/2026,7:26,Green Acouchi,Myoprocta pratti,1,Connor Munro,FALSE,
MON14,NWJ10,DP20260628TO20260717,DSCF0065,7/4/2026,17:15,Great Tinamou,Tinamus major,1,Connor Munro,FALSE,
MON14,NWJ10,DP20260628TO20260717,DSCF0066,7/4/2026,17:52,Green Acouchi,Myoprocta pratti,1,Connor Munro,FALSE,
MON14,NWJ10,DP20260628TO20260717,DSCF0067,7/4/2026,17:55,Green Acouchi,Myoprocta pratti,1,Connor Munro,FALSE,
MON14,NWJ10,DP20260628TO20260717,DSCF0068,7/4/2026,17:57,Green Acouchi,Myoprocta pratti,1,Connor Munro,FALSE,
MON14,NWJ10,DP20260628TO20260717,DSCF0069,7/4/2026,18:09,Green Acouchi,Myoprocta pratti,1,Connor Munro,FALSE,
MON14,NWJ10,DP20260628TO20260717,DSCF0070,7/5/2026,6:11,Pale-winged Trumpeter,Psophia leucoptera,1,Connor Munro,FALSE,
MON14,NWJ10,DP20260628TO20260717,DSCF0071,7/5/2026,6:11,Pale-winged Trumpeter,Psophia leucoptera,1,Connor Munro,FALSE,
MON14,NWJ10,DP20260628TO20260717,DSCF0072,7/5/2026,7:50,Muerilia Brown Brocket,Mazama nemorivaga,1,Connor Munro,FALSE,
MON14,NWJ10,DP20260628TO20260717,DSCF0074,7/5/2026,8:27,Green Acouchi,Myoprocta pratti,1,Connor Munro,FALSE,
MON14,NWJ10,DP20260628TO20260717,DSCF0075,7/5/2026,8:28,Green Acouchi,Myoprocta pratti,1,Connor Munro,FALSE,
MON14,NWJ10,DP20260628TO20260717,DSCF0076,7/5/2026,8:29,Green Acouchi,Myoprocta pratti,1,Connor Munro,FALSE,
MON14,NWJ10,DP20260628TO20260717,DSCF0079,7/5/2026,11:20,Green Acouchi,Myoprocta pratti,1,Connor Munro,FALSE,
MON14,NWJ10,DP20260628TO20260717,DSCF0080,7/5/2026,16:43,Marbled Wood-Quail,Odontophorus gujanensis,5,Connor Munro,FALSE,
MON14,NWJ10,DP20260628TO20260717,DSCF0081,7/5/2026,17:41,Green Acouchi,Myoprocta pratti,1,Connor Munro,TRUE,
MON14,NWJ10,DP20260628TO20260717,DSCF0082,7/5/2026,17:56,Black Agouti,Dasyprocta fuliginosa,1,Connor Munro,FALSE,
MON14,NWJ10,DP20260628TO20260717,DSCF0083,7/6/2026,4:43,Mouse,N/A,1,Connor Munro,TRUE,
MON14,NWJ10,DP20260628TO20260717,DSCF0084,7/6/2026,15:10,Green Acouchi,Myoprocta pratti,1,Connor Munro,FALSE,
MON14,NWJ10,DP20260628TO20260717,DSCF0085,7/6/2026,15:51,Green Acouchi,Myoprocta pratti,1,Connor Munro,FALSE,
MON14,NWJ10,DP20260628TO20260717,DSCF0086,7/6/2026,15:51,Green Acouchi,Myoprocta pratti,1,Connor Munro,FALSE,
MON14,NWJ10,DP20260628TO20260717,DSCF0087,7/6/2026,15:55,Green Acouchi,Myoprocta pratti,1,Connor Munro,FALSE,
MON14,NWJ10,DP20260628TO20260717,DSCF0088,7/6/2026,16:14,Green Acouchi,Myoprocta pratti,1,Connor Munro,FALSE,
MON14,NWJ10,DP20260628TO20260717,DSCF0092,7/6/2026,17:22,Green Acouchi,Myoprocta pratti,1,Connor Munro,FALSE,
MON14,NWJ10,DP20260628TO20260717,DSCF0093,7/7/2026,7:42,Green Acouchi,Myoprocta pratti,1,Connor Munro,FALSE,
MON14,NWJ10,DP20260628TO20260717,DSCF0094,7/7/2026,7:44,Green Acouchi,Myoprocta pratti,1,Connor Munro,FALSE,
MON14,NWJ10,DP20260628TO20260717,DSCF0095,7/7/2026,7:48,Green Acouchi,Myoprocta pratti,1,Connor Munro,FALSE,
MON14,NWJ10,DP20260628TO20260717,DSCF0096,7/7/2026,8:06,Green Acouchi,Myoprocta pratti,1,Connor Munro,FALSE,
MON14,NWJ10,DP20260628TO20260717,DSCF0098,7/7/2026,17:01,Green Acouchi,Myoprocta pratti,1,Connor Munro,FALSE,
MON14,NWJ10,DP20260628TO20260717,DSCF0099,7/7/2026,17:01,Green Acouchi,Myoprocta pratti,1,Connor Munro,FALSE,
MON14,NWJ10,DP20260628TO20260717,DSCF0100,7/7/2026,17:02,Green Acouchi,Myoprocta pratti,1,Connor Munro,FALSE,
MON14,NWJ10,DP20260628TO20260717,DSCF0101,7/7/2026,20:41,Mouse,N/A,1,Connor Munro,TRUE,
MON14,NWJ10,DP20260628TO20260717,DSCF0102,7/8/2026,6:37,Green Acouchi,Myoprocta pratti,1,Connor Munro,FALSE,
MON14,NWJ10,DP20260628TO20260717,DSCF0108,7/9/2026,6:45,Bird,N/A,1,Connor Munro,TRUE,Can be ID but I don't have the book
MON14,NWJ10,DP20260628TO20260717,DSCF0109,7/9/2026,8:17,Green Acouchi,Myoprocta pratti,1,Connor Munro,FALSE,
MON14,NWJ10,DP20260628TO20260717,DSCF0110,7/9/2026,8:21,Green Acouchi,Myoprocta pratti,1,Connor Munro,FALSE,
MON14,NWJ10,DP20260628TO20260717,DSCF0111,7/9/2026,9:04,Green Acouchi,Myoprocta pratti,1,Connor Munro,FALSE,
MON14,NWJ10,DP20260628TO20260717,DSCF0112,7/9/2026,9:05,Green Acouchi,Myoprocta pratti,1,Connor Munro,FALSE,
MON14,NWJ10,DP20260628TO20260717,DSCF0113,7/9/2026,9:07,Green Acouchi,Myoprocta pratti,1,Connor Munro,FALSE,
MON14,NWJ10,DP20260628TO20260717,DSCF0117,7/9/2026,10:26,Green Acouchi,Myoprocta pratti,1,Connor Munro,FALSE,
MON14,NWJ10,DP20260628TO20260717,DSCF0118,7/9/2026,10:27,Green Acouchi,Myoprocta pratti,1,Connor Munro,FALSE,
MON14,NWJ10,DP20260628TO20260717,DSCF0119,7/9/2026,10:34,Green Acouchi,Myoprocta pratti,1,Connor Munro,FALSE,
MON14,NWJ10,DP20260628TO20260717,DSCF0120,7/9/2026,10:45,Green Acouchi,Myoprocta pratti,1,Connor Munro,FALSE,
MON14,NWJ10,DP20260628TO20260717,DSCF0121,7/9/2026,16:53,Pale-winged Trumpeter,Psophia leucoptera,1,Connor Munro,FALSE,
MON14,NWJ10,DP20260628TO20260717,DSCF0122,7/10/2026,6:18,Pale-winged Trumpeter,Psophia leucoptera,1,Connor Munro,FALSE,
MON14,NWJ10,DP20260628TO20260717,DSCF0123,7/10/2026,9:34,Green Acouchi,Myoprocta pratti,1,Connor Munro,FALSE,
MON14,NWJ10,DP20260628TO20260717,DSCF0125,7/10/2026,16:36,Green Acouchi,Myoprocta pratti,1,Connor Munro,FALSE,
MON14,NWJ10,DP20260628TO20260717,DSCF0127,7/10/2026,16:46,Green Acouchi,Myoprocta pratti,1,Connor Munro,FALSE,
MON14,NWJ10,DP20260628TO20260717,DSCF0128,7/10/2026,16:48,Green Acouchi,Myoprocta pratti,1,Connor Munro,FALSE,
MON14,NWJ10,DP20260628TO20260717,DSCF0129,7/10/2026,16:49,Green Acouchi,Myoprocta pratti,1,Connor Munro,FALSE,
MON14,NWJ10,DP20260628TO20260717,DSCF0130,7/10/2026,16:51,Great Tinamou,Tinamus major,1,Connor Munro,TRUE,
MON14,NWJ10,DP20260628TO20260717,DSCF0131,7/10/2026,17:01,Green Acouchi,Myoprocta pratti,1,Connor Munro,FALSE,
MON14,NWJ10,DP20260628TO20260717,DSCF0132,7/10/2026,17:01,Green Acouchi,Myoprocta pratti,1,Connor Munro,FALSE,
MON14,NWJ10,DP20260628TO20260717,DSCF0133,7/10/2026,17:02,Green Acouchi,Myoprocta pratti,1,Connor Munro,FALSE,
MON14,NWJ10,DP20260628TO20260717,DSCF0134,7/10/2026,17:03,Green Acouchi,Myoprocta pratti,1,Connor Munro,FALSE,
MON14,NWJ10,DP20260628TO20260717,DSCF0135,7/10/2026,17:03,Green Acouchi,Myoprocta pratti,1,Connor Munro,FALSE,
MON14,NWJ10,DP20260628TO20260717,DSCF0136,7/10/2026,17:06,Green Acouchi,Myoprocta pratti,1,Connor Munro,FALSE,
MON14,NWJ10,DP20260628TO20260717,DSCF0137,7/10/2026,17:07,Green Acouchi,Myoprocta pratti,1,Connor Munro,FALSE,
MON14,NWJ10,DP20260628TO20260717,DSCF0138,7/10/2026,17:08,Green Acouchi,Myoprocta pratti,1,Connor Munro,FALSE,
MON14,NWJ10,DP20260628TO20260717,DSCF0140,7/10/2026,17:11,Green Acouchi,Myoprocta pratti,1,Connor Munro,FALSE,
MON14,NWJ10,DP20260628TO20260717,DSCF0141,7/10/2026,17:15,Green Acouchi,Myoprocta pratti,1,Connor Munro,FALSE,
MON14,NWJ10,DP20260628TO20260717,DSCF0142,7/10/2026,17:16,Green Acouchi,Myoprocta pratti,1,Connor Munro,FALSE,
MON14,NWJ10,DP20260628TO20260717,DSCF0145,7/10/2026,17:19,Green Acouchi,Myoprocta pratti,1,Connor Munro,FALSE,
MON14,NWJ10,DP20260628TO20260717,DSCF0146,7/10/2026,17:56,Green Acouchi,Myoprocta pratti,1,Connor Munro,FALSE,
MON14,NWJ10,DP20260628TO20260717,DSCF0148,7/11/2026,5:18,Mouse,N/A,1,Connor Munro,TRUE,
MON14,NWJ10,DP20260628TO20260717,DSCF0149,7/11/2026,11:10,Unknown,N/A,1,Connor Munro,TRUE,
MON14,NWJ10,DP20260628TO20260717,DSCF0151,7/11/2026,13:23,Green Acouchi,Myoprocta pratti,1,Connor Munro,FALSE,
MON14,NWJ10,DP20260628TO20260717,DSCF0152,7/11/2026,13:24,Green Acouchi,Myoprocta pratti,1,Connor Munro,FALSE,
MON14,NWJ10,DP20260628TO20260717,DSCF0153,7/11/2026,13:27,Green Acouchi,Myoprocta pratti,1,Connor Munro,FALSE,
MON14,NWJ10,DP20260628TO20260717,DSCF0155,7/11/2026,13:34,Green Acouchi,Myoprocta pratti,1,Connor Munro,FALSE,
MON14,NWJ10,DP20260628TO20260717,DSCF0156,7/11/2026,13:57,Green Acouchi,Myoprocta pratti,1,Connor Munro,FALSE,
MON14,NWJ10,DP20260628TO20260717,DSCF0157,7/11/2026,17:25,Green Acouchi,Myoprocta pratti,1,Connor Munro,FALSE,
MON14,NWJ10,DP20260628TO20260717,DSCF0159,7/12/2026,7:38,Green Acouchi,Myoprocta pratti,1,Connor Munro,FALSE,
MON14,NWJ10,DP20260628TO20260717,DSCF0160,7/12/2026,7:49,Green Acouchi,Myoprocta pratti,1,Connor Munro,FALSE,
MON14,NWJ10,DP20260628TO20260717,DSCF0161,7/12/2026,12:58,Green Acouchi,Myoprocta pratti,1,Connor Munro,FALSE,
MON14,NWJ10,DP20260628TO20260717,DSCF0162,7/12/2026,13:01,Green Acouchi,Myoprocta pratti,1,Connor Munro,FALSE,
MON14,NWJ10,DP20260628TO20260717,DSCF0163,7/12/2026,13:27,Salvin's Currasow,Mitu salvini,1,Connor Munro,FALSE,
MON14,NWJ10,DP20260628TO20260717,DSCF0164,7/12/2026,13:28,Salvin's Currasow,Mitu salvini,2,Connor Munro,FALSE,
MON14,NWJ10,DP20260628TO20260717,DSCF0165,7/12/2026,13:58,Bartlett's Tinamou,Crypturellus bartletti,1,Connor Munro,FALSE,
MON14,NWJ10,DP20260628TO20260717,DSCF0166,7/12/2026,15:36,Great Tinamou,Tinamus major,1,Connor Munro,FALSE,
MON14,NWJ10,DP20260628TO20260717,DSCF0169,7/13/2026,8:40,Black Agouti,Dasyprocta fuliginosa,1,Connor Munro,FALSE,
MON14,NWJ10,DP20260628TO20260717,DSCF0171,7/13/2026,8:43,Green Acouchi,Myoprocta pratti,1,Connor Munro,FALSE,
MON14,NWJ10,DP20260628TO20260717,DSCF0172,7/13/2026,8:52,Black Agouti,Dasyprocta fuliginosa,1,Connor Munro,FALSE,
MON14,NWJ10,DP20260628TO20260717,DSCF0173,7/13/2026,8:56,Green Acouchi,Myoprocta pratti,1,Connor Munro,FALSE,
MON14,NWJ10,DP20260628TO20260717,DSCF0174,7/13/2026,8:58,Green Acouchi,Myoprocta pratti,1,Connor Munro,FALSE,
MON14,NWJ10,DP20260628TO20260717,DSCF0175,7/13/2026,9:01,Green Acouchi,Myoprocta pratti,1,Connor Munro,FALSE,
MON14,NWJ10,DP20260628TO20260717,DSCF0176,7/13/2026,9:04,Green Acouchi,Myoprocta pratti,1,Connor Munro,FALSE,
MON14,NWJ10,DP20260628TO20260717,DSCF0177,7/13/2026,9:08,Green Acouchi,Myoprocta pratti,1,Connor Munro,FALSE,
MON14,NWJ10,DP20260628TO20260717,DSCF0179,7/13/2026,12:56,Green Acouchi,Myoprocta pratti,1,Connor Munro,FALSE,
MON14,NWJ10,DP20260628TO20260717,DSCF0181,7/13/2026,16:27,Bartlett's Tinamou,Crypturellus bartletti,1,Connor Munro,FALSE,
MON14,NWJ10,DP20260628TO20260717,DSCF0183,7/14/2026,2:20,Mouse,N/A,1,Connor Munro,TRUE,
MON14,NWJ10,DP20260628TO20260717,DSCF0184,7/14/2026,2:52,Mouse,N/A,1,Connor Munro,TRUE,
MON14,NWJ10,DP20260628TO20260717,DSCF0186,7/14/2026,6:57,Green Acouchi,Myoprocta pratti,1,Connor Munro,FALSE,
MON14,NWJ10,DP20260628TO20260717,DSCF0187,7/14/2026,6:59,Green Acouchi,Myoprocta pratti,1,Connor Munro,FALSE,
MON14,NWJ10,DP20260628TO20260717,DSCF0188,7/14/2026,6:59,Green Acouchi,Myoprocta pratti,1,Connor Munro,FALSE,
MON14,NWJ10,DP20260628TO20260717,DSCF0189,7/14/2026,7:22,Bartlett's Tinamou,Crypturellus bartletti,1,Connor Munro,FALSE,
MON14,NWJ10,DP20260628TO20260717,DSCF0190,7/14/2026,7:23,Bartlett's Tinamou,Crypturellus bartletti,1,Connor Munro,FALSE,
MON14,NWJ10,DP20260628TO20260717,DSCF0191,7/14/2026,7:24,Bartlett's Tinamou,Crypturellus bartletti,1,Connor Munro,FALSE,
MON14,NWJ10,DP20260628TO20260717,DSCF0192,7/14/2026,7:24,Bartlett's Tinamou,Crypturellus bartletti,1,Connor Munro,FALSE,
MON14,NWJ10,DP20260628TO20260717,DSCF0193,7/14/2026,7:26,Bartlett's Tinamou,Crypturellus bartletti,1,Connor Munro,FALSE,
MON14,NWJ10,DP20260628TO20260717,DSCF0194,7/14/2026,7:28,Bartlett's Tinamou,Crypturellus bartletti,1,Connor Munro,FALSE,
MON14,NWJ10,DP20260628TO20260717,DSCF0195,7/14/2026,7:29,Bartlett's Tinamou,Crypturellus bartletti,1,Connor Munro,FALSE,
MON14,NWJ10,DP20260628TO20260717,DSCF0196,7/14/2026,7:30,Bartlett's Tinamou,Crypturellus bartletti,1,Connor Munro,FALSE,
MON14,NWJ10,DP20260628TO20260717,DSCF0198,7/14/2026,7:34,Bartlett's Tinamou,Crypturellus bartletti,1,Connor Munro,FALSE,
MON14,NWJ10,DP20260628TO20260717,DSCF0199,7/14/2026,7:36,Bartlett's Tinamou,Crypturellus bartletti,1,Connor Munro,FALSE,
MON14,NWJ10,DP20260628TO20260717,DSCF0200,7/14/2026,7:37,Bartlett's Tinamou,Crypturellus bartletti,1,Connor Munro,FALSE,
MON14,NWJ10,DP20260628TO20260717,DSCF0201,7/14/2026,8:08,Green Acouchi,Myoprocta pratti,1,Connor Munro,FALSE,
MON14,NWJ10,DP20260628TO20260717,DSCF0202,7/14/2026,8:16,Great Tinamou,Tinamus major,1,Connor Munro,FALSE,
MON14,NWJ10,DP20260628TO20260717,DSCF0203,7/14/2026,8:17,Great Tinamou,Tinamus major,1,Connor Munro,FALSE,
MON14,NWJ10,DP20260628TO20260717,DSCF0204,7/14/2026,8:19,Great Tinamou,Tinamus major,1,Connor Munro,FALSE,
MON14,NWJ10,DP20260628TO20260717,DSCF0204,7/14/2026,8:19,Green Acouchi,Myoprocta pratti,1,Connor Munro,FALSE,
MON14,NWJ10,DP20260628TO20260717,DSCF0205,7/14/2026,8:20,Great Tinamou,Tinamus major,1,Connor Munro,FALSE,
MON14,NWJ10,DP20260628TO20260717,DSCF0205,7/14/2026,8:20,Green Acouchi,Myoprocta pratti,1,Connor Munro,FALSE,
MON14,NWJ10,DP20260628TO20260717,DSCF0206,7/14/2026,8:22,Great Tinamou,Tinamus major,1,Connor Munro,FALSE,
MON14,NWJ10,DP20260628TO20260717,DSCF0206,7/14/2026,8:22,Green Acouchi,Myoprocta pratti,1,Connor Munro,FALSE,
MON14,NWJ10,DP20260628TO20260717,DSCF0209,7/14/2026,8:54,Green Acouchi,Myoprocta pratti,1,Connor Munro,FALSE,
MON14,NWJ10,DP20260628TO20260717,DSCF0210,7/14/2026,11:00,Marbled Wood-Quail,Odontophorus gujanensis,7,Connor Munro,FALSE,
MON14,NWJ10,DP20260628TO20260717,DSCF0211,7/14/2026,11:17,Tinamou,N/A,1,Connor Munro,TRUE,"don't have the book, dunno for sure"
MON14,NWJ10,DP20260628TO20260717,DSCF0213,7/14/2026,11:19,Tinamou,N/A,1,Connor Munro,TRUE,
MON14,NWJ10,DP20260628TO20260717,DSCF0214,7/14/2026,11:19,Tinamou,N/A,1,Connor Munro,TRUE,
MON14,NWJ10,DP20260628TO20260717,DSCF0215,7/14/2026,11:20,Tinamou,N/A,1,Connor Munro,TRUE,
MON14,NWJ10,DP20260628TO20260717,DSCF0216,7/14/2026,11:41,Salvin's Currasow,Mitu salvini,2,Connor Munro,FALSE,
MON14,NWJ10,DP20260628TO20260717,DSCF0217,7/14/2026,11:42,Salvin's Currasow,Mitu salvini,2,Connor Munro,FALSE,
MON14,NWJ10,DP20260628TO20260717,DSCF0218,7/14/2026,12:03,Grey-winged Trumpeter,Psophia crepitans,1,Connor Munro,FALSE,
MON14,NWJ10,DP20260628TO20260717,DSCF0219,7/14/2026,23:44,Lowland Paca,Cuniculus paca,1,Connor Munro,FALSE,
MON14,NWJ10,DP20260628TO20260717,DSCF0221,7/15/2026,8:06,Green Acouchi,Myoprocta pratti,1,Connor Munro,FALSE,
MON14,NWJ10,DP20260628TO20260717,DSCF0222,7/15/2026,8:29,Green Acouchi,Myoprocta pratti,1,Connor Munro,FALSE,
MON14,NWJ10,DP20260628TO20260717,DSCF0223,7/15/2026,17:30,Green Acouchi,Myoprocta pratti,1,Connor Munro,FALSE,
MON14,NWJ10,DP20260628TO20260717,DSCF0224,7/15/2026,17:48,Green Acouchi,Myoprocta pratti,1,Connor Munro,FALSE,
MON14,NWJ10,DP20260628TO20260717,DSCF0225,7/15/2026,17:58,Green Acouchi,Myoprocta pratti,1,Connor Munro,FALSE,
MON14,NWJ10,DP20260628TO20260717,DSCF0226,7/15/2026,18:14,Green Acouchi,Myoprocta pratti,1,Connor Munro,FALSE,
MON14,NWJ10,DP20260628TO20260717,DSCF0227,7/15/2026,18:15,Green Acouchi,Myoprocta pratti,1,Connor Munro,FALSE,
MON14,NWJ10,DP20260628TO20260717,DSCF0230,7/15/2026,18:19,Green Acouchi,Myoprocta pratti,1,Connor Munro,FALSE,
MON14,NWJ10,DP20260628TO20260717,DSCF0231,7/15/2026,18:21,Green Acouchi,Myoprocta pratti,1,Connor Munro,FALSE,
MON14,NWJ10,DP20260628TO20260717,DSCF0232,7/15/2026,18:23,Green Acouchi,Myoprocta pratti,1,Connor Munro,FALSE,
MON14,NWJ10,DP20260628TO20260717,DSCF0233,7/15/2026,20:18,Mouse,N/A,1,Connor Munro,TRUE,
MON14,NWJ10,DP20260628TO20260717,DSCF0234,7/15/2026,21:06,Mouse,N/A,1,Connor Munro,TRUE,
MON14,NWJ10,DP20260628TO20260717,DSCF0235,7/15/2026,22:24,Mouse,N/A,1,Connor Munro,TRUE,
MON14,NWJ10,DP20260628TO20260717,DSCF0236,7/16/2026,3:33,Deer,N/A,1,Connor Munro,TRUE,Same issue as below
MON14,NWJ10,DP20260628TO20260717,DSCF0237,7/16/2026,4:52,Deer,N/A,1,Connor Munro,TRUE,"At night, most likely red brocket (size is similar)"
MON14,NWJ10,DP20260628TO20260717,DSCF0238,7/16/2026,7:07,Great Tinamou,Tinamus major,1,Connor Munro,TRUE,not 100% anymore
MON14,NWJ10,DP20260628TO20260717,DSCF0239,7/16/2026,13:47,Green Acouchi,Myoprocta pratti,1,Connor Munro,FALSE,
MON14,NWJ10,DP20260628TO20260717,DSCF0240,7/16/2026,13:48,Green Acouchi,Myoprocta pratti,1,Connor Munro,FALSE,
MON14,NWJ10,DP20260628TO20260717,DSCF0241,7/16/2026,13:50,Green Acouchi,Myoprocta pratti,1,Connor Munro,FALSE,
MON14,NWJ10,DP20260628TO20260717,DSCF0242,7/16/2026,17:24,Great Tinamou,Tinamus major,1,Connor Munro,TRUE,same as 0238 Tinamou
MON14,NWJ10,DP20260628TO20260717,DSCF0245,7/16/2026,17:59,Green Acouchi,Myoprocta pratti,1,Connor Munro,FALSE,
MON15,NWJ02,DP20260628TO20260717,DSCF0004,6/29/2026,1:09,Unknown,N/A,1,Connor Munro,TRUE,Cannot ID
MON15,NWJ02,DP20260628TO20260717,DSCF0005,6/29/2026,21:33,Black Agouti,Dasyprocta fuliginosa,1,Connor Munro,TRUE,Or a Paca
MON15,NWJ02,DP20260628TO20260717,DSCF0009,7/2/2026,21:31,Black Agouti,Dasyprocta fuliginosa,1,Connor Munro,FALSE,
MON15,NWJ02,DP20260628TO20260717,DSCF0015,7/7/2026,8:05,Unknown,N/A,1,Connor Munro,FALSE,
MON15,NWJ02,DP20260628TO20260717,DSCF0016,7/7/2026,8:55,Black Agouti,Dasyprocta fuliginosa,3,Connor Munro,FALSE,
MON15,NWJ02,DP20260628TO20260717,DSCF0017,7/7/2026,8:56,Black Agouti,Dasyprocta fuliginosa,2,Connor Munro,FALSE,
MON15,NWJ02,DP20260628TO20260717,DSCF0018,7/7/2026,8:56,Black Agouti,Dasyprocta fuliginosa,1,Connor Munro,FALSE,
MON15,NWJ02,DP20260628TO20260717,DSCF0021,7/10/2026,8:49,Unknown,N/A,1,Connor Munro,TRUE,cannot ID
MON15,NWJ02,DP20260628TO20260717,DSCF0022,7/11/2026,0:09,Unknown,N/A,1,Connor Munro,TRUE,cannot ID
MON16,NWJ17,DP20260628TO20260717,DSCF0002,6/29/2026,7:23,Grey-winged Trumpeter,Psophia crepitans,3,Connor Munro,FALSE,
MON16,NWJ17,DP20260628TO20260717,DSCF0003,6/29/2026,7:25,Grey-winged Trumpeter,Psophia crepitans,2,Connor Munro,FALSE,
MON16,NWJ17,DP20260628TO20260717,DSCF0004,6/29/2026,7:27,Grey-winged Trumpeter,Psophia crepitans,2,Connor Munro,FALSE,
MON16,NWJ17,DP20260628TO20260717,DSCF0005,6/29/2026,15:31,Green Acouchi,Myoprocta pratti,1,Connor Munro,FALSE,
MON16,NWJ17,DP20260628TO20260717,DSCF0006,6/30/2026,0:27,Common Black-eared Opossum,Didelphis marsupialis,1,Connor Munro,FALSE,
MON16,NWJ17,DP20260628TO20260717,DSCF0010,6/30/2026,9:19,Grey-winged Trumpeter,Psophia crepitans,4,Connor Munro,FALSE,
MON16,NWJ17,DP20260628TO20260717,DSCF0011,6/30/2026,17:10,Green Acouchi,Myoprocta pratti,1,Connor Munro,FALSE,
MON16,NWJ17,DP20260628TO20260717,DSCF0012,7/2/2026,7:14,Grey-winged Trumpeter,Psophia crepitans,2,Connor Munro,FALSE,
MON16,NWJ17,DP20260628TO20260717,DSCF0013,7/3/2026,1:08,Nine Banded Armadillo,Dasypus novemcinctus,1,Connor Munro,FALSE,
MON16,NWJ17,DP20260628TO20260717,DSCF0015,7/3/2026,7:35,Grey-winged Trumpeter,Psophia crepitans,3,Connor Munro,FALSE,
MON16,NWJ17,DP20260628TO20260717,DSCF0016,7/3/2026,18:40,Deer,N/A,1,Connor Munro,TRUE,"at night, can't 100% confirm brown or red"
MON16,NWJ17,DP20260628TO20260717,DSCF0017,7/5/2026,8:21,Grey-winged Trumpeter,Psophia crepitans,1,Connor Munro,FALSE,
MON16,NWJ17,DP20260628TO20260717,DSCF0019,7/6/2026,6:46,Grey-winged Trumpeter,Psophia crepitans,2,Connor Munro,FALSE,
MON16,NWJ17,DP20260628TO20260717,DSCF0020,7/7/2026,0:11,Nine Banded Armadillo,Dasypus novemcinctus,1,Connor Munro,FALSE,
MON16,NWJ17,DP20260628TO20260717,DSCF0021,7/7/2026,7:12,Grey-winged Trumpeter,Psophia crepitans,3,Connor Munro,FALSE,
MON16,NWJ17,DP20260628TO20260717,DSCF0022,7/7/2026,7:13,Grey-winged Trumpeter,Psophia crepitans,1,Connor Munro,FALSE,
MON16,NWJ17,DP20260628TO20260717,DSCF0024,7/8/2026,7:36,Grey-winged Trumpeter,Psophia crepitans,4,Connor Munro,FALSE,
MON16,NWJ17,DP20260628TO20260717,DSCF0025,7/8/2026,17:16,Grey-winged Trumpeter,Psophia crepitans,1,Connor Munro,FALSE,
MON16,NWJ17,DP20260628TO20260717,DSCF0026,7/8/2026,17:57,Green Acouchi,Myoprocta pratti,1,Connor Munro,FALSE,
MON16,NWJ17,DP20260628TO20260717,DSCF0027,7/9/2026,5:05,Unknown,N/A,1,Connor Munro,TRUE,Can't ID
MON16,NWJ17,DP20260628TO20260717,DSCF0032,7/10/2026,15:41,Green Acouchi,Myoprocta pratti,1,Connor Munro,FALSE,
MON16,NWJ17,DP20260628TO20260717,DSCF0033,7/11/2026,7:14,Grey-winged Trumpeter,Psophia crepitans,3,Connor Munro,FALSE,
MON16,NWJ17,DP20260628TO20260717,DSCF0047,7/12/2026,11:01,Grey-winged Trumpeter,Psophia crepitans,3,Connor Munro,FALSE,
MON16,NWJ17,DP20260628TO20260717,DSCF0050,7/13/2026,8:28,Tinamou,N/A,1,Connor Munro,TRUE,dunno for sure
MON16,NWJ17,DP20260628TO20260717,DSCF0051,7/14/2026,7:18,Grey-winged Trumpeter,Psophia crepitans,3,Connor Munro,FALSE,
MON16,NWJ17,DP20260628TO20260717,DSCF0055,7/15/2026,21:43,Common Black-eared Opossum,Didelphis marsupialis,1,Connor Munro,FALSE,
MON16,NWJ17,DP20260628TO20260717,DSCF0056,7/17/2026,6:29,Northern Amazon Red Squirrel,Hadrosciurus igniventris,1,Connor Munro,FALSE,
MON17,NWJ18,DP20260628TO20260717,DSCF0003,6/29/2026,10:09,Grey-winged Trumpeter,Psophia crepitans,2,Connor Munro,FALSE,
MON17,NWJ18,DP20260628TO20260717,DSCF0004,7/1/2026,5:52,Deer,N/A,1,Connor Munro,TRUE,same ID problem as the other deer videos
MON17,NWJ18,DP20260628TO20260717,DSCF0005,7/2/2026,9:06,Grey-winged Trumpeter,Psophia crepitans,1,Connor Munro,FALSE,
MON17,NWJ18,DP20260628TO20260717,DSCF0006,7/2/2026,18:13,Nocturnal Currassow,Nothocrax urumutum,1,Connor Munro,FALSE,
MON17,NWJ18,DP20260628TO20260717,DSCF0008,7/2/2026,21:10,Deer,N/A,1,Connor Munro,TRUE,same ID problem as the other deer videos
MON17,NWJ18,DP20260628TO20260717,DSCF0009,7/3/2026,21:13,Lowland Paca,Cuniculus paca,1,Connor Munro,FALSE,
MON17,NWJ18,DP20260628TO20260717,DSCF0010,7/3/2026,21:31,Lowland Paca,Cuniculus paca,1,Connor Munro,FALSE,
MON17,NWJ18,DP20260628TO20260717,DSCF0011,7/4/2026,12:19,Green Acouchi,Myoprocta pratti,1,Connor Munro,FALSE,
MON17,NWJ18,DP20260628TO20260717,DSCF0012,7/4/2026,14:26,Grey-winged Trumpeter,Psophia crepitans,1,Connor Munro,FALSE,
MON17,NWJ18,DP20260628TO20260717,DSCF0014,7/5/2026,8:46,American Red Brocket,Mazama american,1,Connor Munro,FALSE,
MON17,NWJ18,DP20260628TO20260717,DSCF0015,7/7/2026,9:42,Grey-winged Trumpeter,Psophia crepitans,1,Connor Munro,FALSE,
MON17,NWJ18,DP20260628TO20260717,DSCF0017,7/9/2026,8:03,Unknown,N/A,?,Connor Munro,TRUE,I don't see anything
MON17,NWJ18,DP20260628TO20260717,DSCF0018,7/9/2026,16:29,Grey-winged Trumpeter,Psophia crepitans,1,Connor Munro,FALSE,
MON17,NWJ18,DP20260628TO20260717,DSCF0019,7/9/2026,21:49,Lowland Paca,Cuniculus paca,1,Connor Munro,FALSE,
MON17,NWJ18,DP20260628TO20260717,DSCF0020,7/10/2026,9:19,Northern Amazon Red Squirrel,Hadrosciurus igniventris,1,Connor Munro,FALSE,
MON17,NWJ18,DP20260628TO20260717,DSCF0021,7/10/2026,10:15,Small mammal,N/A,1,Connor Munro,TRUE,can't ID
MON17,NWJ18,DP20260628TO20260717,DSCF0022,7/10/2026,15:54,Small mammal,N/A,1,Connor Munro,TRUE,can't ID
MON17,NWJ18,DP20260628TO20260717,DSCF0028,7/14/2026,15:25,Grey-winged Trumpeter,Psophia crepitans,1,Connor Munro,FALSE,
MON17,NWJ18,DP20260628TO20260717,DSCF0032,7/16/2026,8:33,Southern Tamandua,Tamandua tetradactyla,1,Connor Munro,FALSE,
MON17,NWJ18,DP20260628TO20260717,DSCF0033,7/16/2026,9:04,Small mammal,N/A,1,Connor Munro,TRUE,can't ID
MON17,NWJ18,DP20260628TO20260717,DSCF0034,7/16/2026,15:54,Grey-winged Trumpeter,Psophia crepitans,1,Connor Munro,FALSE,
MON17,NWJ18,DP20260628TO20260717,DSCF0035,7/16/2026,15:55,Grey-winged Trumpeter,Psophia crepitans,1,Connor Munro,FALSE,
MON17,NWJ18,DP20260628TO20260717,DSCF0036,7/17/2026,6:45,Grey-winged Trumpeter,Psophia crepitans,1,Connor Munro,FALSE,
MON18,NWJ14,DP20260628TO20260717,DSCF0005,6/29/2026,15:13,Green Acouchi,Myoprocta pratti,1,Connor Munro,FALSE,
MON18,NWJ14,DP20260628TO20260717,DSCF0006,6/30/2026,1:25,Mouse,N/A,1,Connor Munro,TRUE,
MON18,NWJ14,DP20260628TO20260717,DSCF0007,6/30/2026,6:00,Giant Armadillo,Priodontes maximus,1,Connor Munro,FALSE,
MON18,NWJ14,DP20260628TO20260717,DSCF0008,7/2/2026,10:27,Variegated Tinamou,Crypturellus variegatus,1,Connor Munro,FALSE,
MON18,NWJ14,DP20260628TO20260717,DSCF0009,7/2/2026,10:28,Variegated Tinamou,Crypturellus variegatus,1,Connor Munro,FALSE,
MON18,NWJ14,DP20260628TO20260717,DSCF0010,7/2/2026,10:32,Variegated Tinamou,Crypturellus variegatus,1,Connor Munro,FALSE,
MON18,NWJ14,DP20260628TO20260717,DSCF0011,7/2/2026,10:38,Variegated Tinamou,Crypturellus variegatus,1,Connor Munro,FALSE,
MON18,NWJ14,DP20260628TO20260717,DSCF0012,7/3/2026,20:47,Nine Banded Armadillo,Dasypus novemcinctus,1,Connor Munro,FALSE,
MON18,NWJ14,DP20260628TO20260717,DSCF0014,7/9/2026,0:57,Large Possum,N/A,1,Connor Munro,TRUE,Come back to
MON18,NWJ14,DP20260628TO20260717,DSCF0015,7/9/2026,14:26,Grey-winged Trumpeter,Psophia crepitans,3,Connor Munro,FALSE,
MON18,NWJ14,DP20260628TO20260717,DSCF0016,7/9/2026,14:27,Humboldt's White-fronted Capuchin,Cebus yuracus,3,Connor Munro,TRUE,"One on ground, 2 in trees"
MON18,NWJ14,DP20260628TO20260717,DSCF0017,7/9/2026,14:28,Grey-winged Trumpeter,Psophia crepitans,1,Connor Munro,FALSE,
MON18,NWJ14,DP20260628TO20260717,DSCF0020,7/13/2026,10:42,Guan,N/A,2,Connor Munro,TRUE,"can ID, just need book, probably gaun"
MON18,NWJ14,DP20260628TO20260717,DSCF0021,7/14/2026,22:23,Large Possum,N/A,1,Connor Munro,TRUE,"Come back to, same as other one"
MON18,NWJ14,DP20260628TO20260717,DSCF0023,7/15/2026,23:27,Mouse,N/A,1,Connor Munro,TRUE,
MON19,NWJ04,DP20260628TO20260717,DSCF0004,6/29/2026,6:08,Tinamou,N/A,1,Connor Munro,TRUE,can't tell 100%
MON19,NWJ04,DP20260628TO20260717,DSCF0005,6/29/2026,6:09,Tinamou,N/A,1,Connor Munro,TRUE,can't tell 100%
MON19,NWJ04,DP20260628TO20260717,DSCF0007,6/29/2026,6:27,Tinamou,N/A,1,Connor Munro,FALSE,
MON19,NWJ04,DP20260628TO20260717,DSCF0011,6/30/2026,8:13,Black Agouti,Dasyprocta fuliginosa,1,Connor Munro,FALSE,
MON19,NWJ04,DP20260628TO20260717,DSCF0016,7/2/2026,11:42,Little Tinamou,Crypturellus soui,1,Connor Munro,TRUE,not 100%
MON19,NWJ04,DP20260628TO20260717,DSCF0017,7/2/2026,11:43,Bartlett's Tinamou,Crypturellus bartletti,1,Connor Munro,TRUE,not 100%
MON19,NWJ04,DP20260628TO20260717,DSCF0018,7/3/2026,13:47,Black Agouti,Dasyprocta fuliginosa,1,Connor Munro,FALSE,
MON19,NWJ04,DP20260628TO20260717,DSCF0019,7/3/2026,16:46,Black Agouti,Dasyprocta fuliginosa,1,Connor Munro,FALSE,
MON19,NWJ04,DP20260628TO20260717,DSCF0033,7/3/2026,17:50,Bird,N/A,1,Connor Munro,TRUE,"Tinamou I think, but I don't know"
MON19,NWJ04,DP20260628TO20260717,DSCF0035,7/4/2026,6:24,Green Acouchi,Myoprocta pratti,1,Connor Munro,FALSE,
MON19,NWJ04,DP20260628TO20260717,DSCF0036,7/4/2026,14:46,Black Agouti,Dasyprocta fuliginosa,1,Connor Munro,FALSE,
MON19,NWJ04,DP20260628TO20260717,DSCF0037,7/5/2026,22:28,Lowland Paca,Cuniculus paca,1,Connor Munro,FALSE,
MON19,NWJ04,DP20260628TO20260717,DSCF0039,7/6/2026,6:09,Black Agouti,Dasyprocta fuliginosa,1,Connor Munro,FALSE,
MON19,NWJ04,DP20260628TO20260717,DSCF0040,7/6/2026,7:18,Black Agouti,Dasyprocta fuliginosa,1,Connor Munro,FALSE,
MON19,NWJ04,DP20260628TO20260717,DSCF0041,7/6/2026,18:02,Black Agouti,Dasyprocta fuliginosa,1,Connor Munro,FALSE,
MON19,NWJ04,DP20260628TO20260717,DSCF0043,7/8/2026,1:29,Possum,N/A,1,Connor Munro,TRUE,
MON19,NWJ04,DP20260628TO20260717,DSCF0044,7/8/2026,1:31,Mouse,N/A,1,Connor Munro,TRUE,
MON19,NWJ04,DP20260628TO20260717,DSCF0048,7/9/2026,14:05,Salvin's Curassow,Mitu salvini,1,Connor Munro,FALSE,
MON19,NWJ04,DP20260628TO20260717,DSCF0049,7/9/2026,14:05,Salvin's Curassow,Mitu salvini,1,Connor Munro,FALSE,
MON19,NWJ04,DP20260628TO20260717,DSCF0050,7/9/2026,14:06,Salvin's Curassow,Mitu salvini,2,Connor Munro,FALSE,
MON19,NWJ04,DP20260628TO20260717,DSCF0051,7/9/2026,19:39,Possum,N/A,1,Connor Munro,TRUE,
MON19,NWJ04,DP20260628TO20260717,DSCF0052,7/9/2026,19:39,Possum,N/A,1,Connor Munro,TRUE,
MON19,NWJ04,DP20260628TO20260717,DSCF0054,7/10/2026,8:17,Black Agouti,Dasyprocta fuliginosa,1,Connor Munro,FALSE,
MON19,NWJ04,DP20260628TO20260717,DSCF0055,7/11/2026,6:11,Bird,N/A,1,Connor Munro,TRUE,Looks like a small chicken
MON19,NWJ04,DP20260628TO20260717,DSCF0056,7/11/2026,6:29,White Throated Tinamou,Tianmus guttatus,1,Connor Munro,TRUE,not 100% sure
MON19,NWJ04,DP20260628TO20260717,DSCF0057,7/11/2026,7:24,Tinamou,N/A,1,Connor Munro,TRUE,Little Tinamou maybe
MON19,NWJ04,DP20260628TO20260717,DSCF0057,7/11/2026,7:24,Black Agouti,Dasyprocta fuliginosa,1,Connor Munro,FALSE,
MON19,NWJ04,DP20260628TO20260717,DSCF0058,7/12/2026,20:08,Mouse,N/A,1,Connor Munro,TRUE,
MON19,NWJ04,DP20260628TO20260717,DSCF0059,7/12/2026,20:08,Mouse,N/A,1,Connor Munro,TRUE,
MON19,NWJ04,DP20260628TO20260717,DSCF0060,7/12/2026,20:10,Mouse,N/A,1,Connor Munro,TRUE,Same mouse/Possum ^
MON19,NWJ04,DP20260628TO20260717,DSCF0064,7/13/2026,11:57,Lizard,N/A,1,Connor Munro,TRUE,
MON19,NWJ04,DP20260628TO20260717,DSCF0065,7/14/2026,1:52,Mouse,N/A,1,Connor Munro,TRUE,
MON19,NWJ04,DP20260628TO20260717,DSCF0066,7/14/2026,7:31,Nocturnal Currassow,Nothocrax urumutum,2,Connor Munro,FALSE,
MON19,NWJ04,DP20260628TO20260717,DSCF0067,7/14/2026,8:25,Black Agouti,Dasyprocta fuliginosa,1,Connor Munro,TRUE,not 100% sure 
MON19,NWJ04,DP20260628TO20260717,DSCF0069,7/15/2026,12:34,Black Agouti,Dasyprocta fuliginosa,1,Connor Munro,FALSE,
MON19,NWJ04,DP20260628TO20260717,DSCF0070,7/16/2026,1:13,Lowland Paca,Cuniculus paca,1,Connor Munro,FALSE,
MON20,NWJ03,DP20260628TO20260717,DSCF0004,6/30/2026,12:51,Black Agouti,Dasyprocta fuliginosa,1,Connor Munro,FALSE,
MON20,NWJ03,DP20260628TO20260717,DSCF0006,7/1/2026,19:52,Lowland Paca,Cuniculus paca,1,Connor Munro,FALSE,
MON20,NWJ03,DP20260628TO20260717,DSCF0007,7/2/2026,14:26,Grey-winged Trumpeter,Psophia crepitans,3,Connor Munro,FALSE,
MON20,NWJ03,DP20260628TO20260717,DSCF0008,7/5/2026,9:31,Black Agouti,Dasyprocta fuliginosa,1,Connor Munro,FALSE,
MON20,NWJ03,DP20260628TO20260717,DSCF0010,7/8/2026,0:55,Lowland Paca,Cuniculus paca,1,Connor Munro,FALSE,
MON20,NWJ03,DP20260628TO20260717,DSCF0011,7/8/2026,15:04,Black Agouti,Dasyprocta fuliginosa,1,Connor Munro,FALSE,
MON20,NWJ03,DP20260628TO20260717,DSCF0012,7/9/2026,2:42,Mouse,N/A,1,Connor Munro,TRUE,
MON20,NWJ03,DP20260628TO20260717,DSCF0014,7/9/2026,14:32,American Red Brocket,Mazama american,1,Connor Munro,FALSE,
MON20,NWJ03,DP20260628TO20260717,DSCF0017,7/9/2026,14:34,American Red Brocket,Mazama american,1,Connor Munro,FALSE,
MON20,NWJ03,DP20260628TO20260717,DSCF0018,7/9/2026,14:48,Black Agouti,Dasyprocta fuliginosa,1,Connor Munro,FALSE,
MON20,NWJ03,DP20260628TO20260717,DSCF0019,7/10/2026,0:01,Nine Banded Armadillo,Dasypus novemcinctus,1,Connor Munro,FALSE,
MON20,NWJ03,DP20260628TO20260717,DSCF0022,7/12/2026,0:02,Lowland Paca,Cuniculus paca,1,Connor Munro,FALSE,
MON20,NWJ03,DP20260628TO20260717,DSCF0025,7/13/2026,0:26,Nine Banded Armadillo,Dasypus novemcinctus,1,Connor Munro,FALSE,
MON20,NWJ03,DP20260628TO20260717,DSCF0028,7/15/2026,10:04,Black Agouti,Dasyprocta fuliginosa,1,Connor Munro,FALSE,
MON20,NWJ03,DP20260628TO20260717,DSCF0030,7/17/2026,10:40,Black Agouti,Dasyprocta fuliginosa,1,Connor Munro,FALSE,
,,,,,,,,,,FALSE,
,,,,,,,,,,FALSE,
,,,,,,,,,,FALSE,
,,,,,,,,,,FALSE,
,,,,,,,,,,FALSE,
,,,,,,,,,,FALSE,
,,,,,,,,,,FALSE,
,,,,,,,,,,FALSE,
,,,,,,,,,,FALSE,
,,,,,,,,,,FALSE,
,,,,,,,,,,FALSE,
,,,,,,,,,,FALSE,
,,,,,,,,,,FALSE,
,,,,,,,,,,FALSE,
,,,,,,,,,,FALSE,
,,,,,,,,,,FALSE,
,,,,,,,,,,FALSE,
,,,,,,,,,,FALSE,
,,,,,,,,,,FALSE,
,,,,,,,,,,FALSE,
,,,,,,,,,,FALSE,
,,,,,,,,,,FALSE,
,,,,,,,,,,FALSE,
,,,,,,,,,,FALSE,
,,,,,,,,,,FALSE,
,,,,,,,,,,FALSE,
,,,,,,,,,,FALSE,
,,,,,,,,,,FALSE,
,,,,,,,,,,FALSE,
,,,,,,,,,,FALSE,
,,,,,,,,,,FALSE,
,,,,,,,,,,FALSE,
,,,,,,,,,,FALSE,
,,,,,,,,,,FALSE,
,,,,,,,,,,FALSE,
,,,,,,,,,,FALSE,
,,,,,,,,,,FALSE,
,,,,,,,,,,FALSE,
,,,,,,,,,,FALSE,
,,,,,,,,,,FALSE,
,,,,,,,,,,FALSE,
,,,,,,,,,,FALSE,
,,,,,,,,,,FALSE,
,,,,,,,,,,FALSE,
,,,,,,,,,,FALSE,
,,,,,,,,,,FALSE,
,,,,,,,,,,FALSE,
,,,,,,,,,,FALSE,
,,,,,,,,,,FALSE,
,,,,,,,,,,FALSE,
,,,,,,,,,,FALSE,
,,,,,,,,,,FALSE,
,,,,,,,,,,FALSE,
,,,,,,,,,,FALSE,
,,,,,,,,,,FALSE,
,,,,,,,,,,FALSE,
,,,,,,,,,,FALSE,
,,,,,,,,,,FALSE,
,,,,,,,,,,FALSE,
,,,,,,,,,,FALSE,
,,,,,,,,,,FALSE,
,,,,,,,,,,FALSE,
,,,,,,,,,,FALSE,
,,,,,,,,,,FALSE,
,,,,,,,,,,FALSE,
,,,,,,,,,,FALSE,
,,,,,,,,,,FALSE,
,,,,,,,,,,FALSE,
,,,,,,,,,,FALSE,
,,,,,,,,,,FALSE,